id,date,campaign_name,category,campaign_id,impressions,mark_spent,clicks,leads,orders,revenue,ROI,cost_per_lead,conversion_rate
1,2021-02-01,facebook_tier1,social,349043,148263,7307,1210,13,1,4981,-0.3183248939373204,562.0769230769231,0.0008264462809917355
2,2021-02-01,facebook_tier2,social,348934,220688,16300,1640,48,3,14962,-0.08208588957055214,339.5833333333333,0.001829268292682927
3,2021-02-01,google_hot,search,89459845,22850,5222,457,9,1,7981,0.5283416315587898,580.2222222222222,0.002188183807439825
4,2021-02-01,google_wide,search,127823,147038,6037,1196,24,1,2114,-0.6498260725525924,251.54166666666666,0.0008361204013377926
5,2021-02-01,youtube_blogger,influencer,10934,225800,29962,2258,49,10,84490,1.819905213270142,611.469387755102,0.0044286979627989375
6,2021-02-01,instagram_tier1,social,9034945,444857,9540,1342,27,3,17943,0.880817610062893,353.3333333333333,0.0022354694485842027
7,2021-02-01,instagram_tier2,social,983498,511200,3649,2556,94,1,1981,-0.4571115374075089,38.819148936170215,0.0003912363067292645
8,2021-02-01,facebook_retarg,estioncgial,4387490,5544,1294,148,3,1,4981,2.849304482225657,431.3333333333333,0.006756756756756757
9,2021-02-01,facebook_lal,social,544756,56916,16998,596,14,2,4162,-0.7551476644311096,1214.142857142857,0.003355704697986577
10,2021-02-01,instagram_blogg,eirnfluencer,374754,120436,23604,1498,49,7,39081,0.655693950177936,481.7142857142857,0.004672897196261682
11,2021-02-01,banner_partner,media,39889,20900000,932,2090,3,0,0,-1.0,310.6666666666667,0.0
12,2021-02-02,facebook_tier1,social,349043,478200,18385,2391,48,4,17812,-0.03116671199347294,383.0208333333333,0.001672940192388122
13,2021-02-02,facebook_tier2,social,348934,957806,2198,3294,10,0,0,-1.0,219.8,0.0
14,2021-02-02,google_hot,search,89459845,43806,11447,907,18,3,23943,1.0916397309338692,635.9444444444445,0.0033076074972436605
15,2021-02-02,google_wide,search,127823,314704,15154,2395,39,4,12540,-0.17249571070344463,388.56410256410254,0.0016701461377870565
16,2021-02-02,youtube_blogger,influencer,10934,449200,42301,4492,85,17,149141,2.5257086120895487,497.6588235294118,0.003784505788067676
17,2021-02-02,instagram_tier1,social,9034945,540200,29081,2701,54,9,45585,0.5675183109246588,538.5370370370371,0.0033320992225101815
18,2021-02-02,instagram_tier2,social,983498,1020800,1421,5104,14,0,0,-1.0,101.5,0.0
19,2021-02-02,facebook_retarg,estioncgial,4387490,10033,170,301,0,0,0,-1.0,inf,0.0
20,2021-02-02,facebook_lal,social,544756,107553,8829,1196,7,1,1129,-0.872125948578548,1261.2857142857142,0.0008361204013377926
21,2021-02-02,instagram_blogg,eirnfluencer,374754,299600,13919,2996,19,3,14466,0.03929880020116388,732.578947368421,0.0010013351134846463
22,2021-02-02,banner_partner,media,39889,42000000,46160,4200,92,13,51753,0.12116551126516464,501.7391304347826,0.0030952380952380953
23,2021-02-03,facebook_tier1,social,349043,2313889,65284,7197,115,13,72527,0.11094602046443233,567.6869565217391,0.0018063081839655411
24,2021-02-03,facebook_tier2,social,348934,1105666,78958,9898,226,12,59772,-0.24298994402087185,349.37168141592923,0.0012123661345726409
25,2021-02-03,google_hot,search,89459845,134900,77346,2698,84,16,115856,0.49789258655909807,920.7857142857143,0.005930318754633061
26,2021-02-03,google_wide,search,127823,4371854,49499,7207,144,13,38753,-0.2170952948544415,343.74305555555554,0.001803801859303455
27,2021-02-03,youtube_blogger,influencer,10934,1035261,189341,13503,455,91,772499,3.079935143471303,416.1340659340659,0.00673924313115604
28,2021-02-03,instagram_tier1,social,9034945,1618600,62510,8093,166,15,84600,0.3533834586466165,376.56626506024094,0.0018534536018781664
29,2021-02-03,instagram_tier2,social,983498,3059600,94400,15298,592,36,104184,0.10364406779661017,159.45945945945945,0.002353248790691594
30,2021-02-03,facebook_retarg,estioncgial,4387490,29867,5040,896,18,4,23560,3.6746031746031744,280.0,0.004464285714285714
31,2021-02-03,facebook_lal,social,544756,295009,76716,3595,72,9,5607,-0.9269122477709996,1065.5,0.0025034770514603616
32,2021-02-03,instagram_blogg,eirnfluencer,374754,667352,194336,8996,342,51,254031,0.3071741725671003,568.233918128655,0.005669186305024455
33,2021-02-03,banner_partner,media,39889,125910000,29378,12591,68,13,51753,0.7616243447477704,432.02941176470586,0.001032483519974585
34,2021-02-04,facebook_tier1,social,349043,2475754,173914,9601,192,31,154411,-0.11214163322101728,905.8020833333334,0.00322883033017394
35,2021-02-04,facebook_tier2,social,348934,4597702,115389,13206,143,17,82909,-0.2814826369931276,806.916083916084,0.0012872936543995154
36,2021-02-04,google_hot,search,89459845,196484,41270,3599,55,9,68589,0.6619578386236976,750.3636363636364,0.0025006946373992774
37,2021-02-04,google_wide,search,127823,1531679,60109,9591,234,17,58990,-0.018616180605233824,256.87606837606836,0.0017724950474403086
38,2021-02-04,youtube_blogger,influencer,10934,2120555,185263,17993,445,89,624958,2.373355715928167,416.3213483146067,0.00494636803201245
39,2021-02-04,instagram_tier1,social,9034945,1322751,104028,10794,238,27,179037,0.7210462567770216,437.0924369747899,0.0025013896609227346
40,2021-02-04,instagram_tier2,social,983498,3008227,40119,20392,408,12,23772,-0.4074627981754281,98.33088235294117,0.0005884660651235779
41,2021-02-04,facebook_retarg,estioncgial,4387490,43160,886,1194,4,1,5287,4.967268623024831,221.5,0.0008375209380234506
42,2021-02-04,facebook_lal,social,544756,432611,120335,4807,71,13,6864,-0.9429592387917065,1694.8591549295775,0.0027043894320782193
43,2021-02-04,instagram_blogg,eirnfluencer,374754,1199300,149279,11993,267,38,224542,0.5041767428774309,559.0973782771536,0.003168514967064121
44,2021-02-04,banner_partner,media,39889,41924802,177746,16806,336,60,204540,0.15074319534616812,529.0059523809524,0.003570153516601214
45,2021-02-05,facebook_tier1,social,349043,3462883,90692,11997,143,17,84677,-0.06632338023199401,634.2097902097902,0.001417020921897141
46,2021-02-05,facebook_tier2,social,348934,3299600,261047,16498,330,42,209202,-0.19860408278968922,791.0515151515151,0.002545763122802764
47,2021-02-05,google_hot,search,89459845,236719,96931,4504,151,23,177882,0.835140460740114,641.9271523178808,0.005106571936056839
48,2021-02-05,google_wide,search,127823,9914040,56875,11993,139,14,49644,-0.12713846153846153,409.1726618705036,0.0011673476194446761
49,2021-02-05,youtube_blogger,influencer,10934,1965108,442617,22507,731,146,1165230,1.6325920604043676,605.4952120383037,0.006486870751321811
50,2021-02-05,instagram_tier1,social,9034945,7485780,258306,13498,526,76,454556,0.7597578066324437,491.0760456273764,0.005630463772410728
51,2021-02-05,instagram_tier2,social,983498,5100600,13589,25503,765,4,7924,-0.41688130105232174,17.76339869281046,0.0001568442928282947
52,2021-02-05,facebook_retarg,estioncgial,4387490,48954,6791,1505,30,5,27060,2.9846856133117363,226.36666666666667,0.0033222591362126247
53,2021-02-05,facebook_lal,social,544756,600400,192789,6004,120,21,9492,-0.9507648257940028,1606.575,0.0034976682211858763
54,2021-02-05,instagram_blogg,eirnfluencer,374754,2153303,36432,15003,51,8,47816,0.31247255160298637,714.3529411764706,0.0005332266879957342
55,2021-02-05,banner_partner,media,39889,8238872,427922,20997,796,119,471240,0.10122872860007198,537.5904522613065,0.005667476306138972
56,2021-02-06,facebook_tier1,social,349043,310024,40408,2391,76,9,46152,0.14215006929320925,531.6842105263158,0.0037641154328732747
57,2021-02-06,facebook_tier2,social,348934,448321,62273,3302,108,9,44829,-0.2801214009281711,576.6018518518518,0.0027256208358570565
58,2021-02-06,google_hot,search,89459845,44950,6769,899,13,1,8136,0.2019500664795391,520.6923076923077,0.0011123470522803114
59,2021-02-06,google_wide,search,127823,478400,22542,2392,48,6,13152,-0.4165557625765238,469.625,0.002508361204013378
60,2021-02-06,youtube_blogger,influencer,10934,472252,80971,4508,133,27,215487,1.6612861394820368,608.8045112781955,0.005989352262644188
61,2021-02-06,instagram_tier1,social,9034945,425467,3662,2695,14,1,5958,0.6269797924631348,261.57142857142856,0.00037105751391465676
62,2021-02-06,instagram_tier2,social,983498,1589341,12183,5092,102,5,12295,0.009193137979151276,119.44117647058823,0.0009819324430479183
63,2021-02-06,facebook_retarg,estioncgial,4387490,10200,1420,306,6,1,5492,2.867605633802817,236.66666666666666,0.0032679738562091504
64,2021-02-06,facebook_lal,social,544756,119700,29281,1197,24,4,6428,-0.7804719784160377,1220.0416666666667,0.003341687552213868
65,2021-02-06,instagram_blogg,eirnfluencer,374754,300700,8289,3007,20,2,9450,0.14006514657980457,414.45,0.0006651147322913202
66,2021-02-06,banner_partner,media,39889,42070000,38185,4207,84,10,48820,0.2785125049103051,454.5833333333333,0.002376990729736154
67,2021-02-07,facebook_tier1,social,349043,478000,27314,2390,45,5,24905,-0.08819652925239804,606.9777777777778,0.0020920502092050207
68,2021-02-07,facebook_tier2,social,348934,659000,38486,3295,66,5,23735,-0.38328223250012994,583.1212121212121,0.0015174506828528073
69,2021-02-07,google_hot,search,89459845,44650,6426,893,18,2,14152,1.202303143479614,357.0,0.0022396416573348264
70,2021-02-07,google_wide,search,127823,1137473,18102,2404,48,5,17845,-0.014197326262291459,377.125,0.0020798668885191347
71,2021-02-07,youtube_blogger,influencer,10934,694624,31680,4505,82,15,119715,2.7788825757575757,386.3414634146341,0.003329633740288568
72,2021-02-07,instagram_tier1,social,9034945,1246126,37966,2696,100,11,65791,0.7328925881051467,379.66,0.004080118694362018
73,2021-02-07,instagram_tier2,social,983498,567096,6748,5103,199,2,3962,-0.41286307053941906,33.90954773869347,0.0003919263178522438
74,2021-02-07,facebook_retarg,estioncgial,4387490,9938,3435,294,6,1,4981,0.45007278020378455,572.5,0.003401360544217687
75,2021-02-07,facebook_lal,social,544756,174221,10105,1197,6,1,981,-0.9029193468579911,1684.1666666666667,0.000835421888053467
76,2021-02-07,instagram_blogg,eirnfluencer,374754,300700,46168,3007,93,12,68076,0.47452781147114886,496.4301075268817,0.0039906883937479215
77,2021-02-07,banner_partner,media,39889,3957603,79988,4203,142,27,90504,0.1314697204580687,563.2957746478874,0.006423982869379015
78,2021-02-08,facebook_tier1,social,349043,479000,27210,2395,36,5,22345,-0.17879456082322676,755.8333333333334,0.0020876826722338203
79,2021-02-08,facebook_tier2,social,348934,472656,33753,3290,66,5,28670,-0.15059402127218321,511.40909090909093,0.001519756838905775
80,2021-02-08,google_hot,search,89459845,51350,6919,904,20,2,16240,1.3471599942188177,345.95,0.0022123893805309734
81,2021-02-08,google_wide,search,127823,478000,16568,2390,48,5,16995,0.025772573635924674,345.1666666666667,0.0020920502092050207
82,2021-02-08,youtube_blogger,influencer,10934,685530,33893,4491,79,16,120176,2.54574690939132,429.0253164556962,0.0035626809173903364
83,2021-02-08,instagram_tier1,social,9034945,472836,331,2690,1,0,0,-1.0,331.0,0.0
84,2021-02-08,instagram_tier2,social,983498,1020000,2057,5100,102,1,1981,-0.03694701020904229,20.166666666666668,0.000196078431372549
85,2021-02-08,facebook_retarg,estioncgial,4387490,10067,4336,302,10,2,10036,1.3145756457564575,433.6,0.006622516556291391
86,2021-02-08,facebook_lal,social,544756,120200,40099,1202,24,5,4905,-0.8776777475747525,1670.7916666666667,0.004159733777038269
87,2021-02-08,instagram_blogg,eirnfluencer,374754,361650,31154,2991,60,9,45027,0.4453039738075368,519.2333333333333,0.003009027081243731
88,2021-02-08,banner_partner,media,39889,2233790,31884,4197,84,10,42280,0.32605695646719357,379.57142857142856,0.002382654276864427
89,2021-02-09,facebook_tier1,social,349043,478600,49037,2393,68,9,42813,-0.12692456716357037,721.1323529411765,0.0037609694943585457
90,2021-02-09,facebook_tier2,social,348934,555116,62119,3303,96,11,54791,-0.11796712760991002,647.0729166666666,0.003330305782621859
91,2021-02-09,google_hot,search,89459845,44900,3095,898,5,1,7998,1.5841680129240712,619.0,0.0011135857461024498
92,2021-02-09,google_wide,search,127823,478600,20299,2393,48,5,14905,-0.2657273757327947,422.8958333333333,0.002089427496865859
93,2021-02-09,youtube_blogger,influencer,10934,491821,27833,4495,90,18,143658,4.161427082959078,309.25555555555553,0.004004449388209121
94,2021-02-09,instagram_tier1,social,9034945,759532,10317,2701,19,3,19800,0.9191625472521082,543.0,0.0011106997408367272
95,2021-02-09,instagram_tier2,social,983498,1022000,7398,5110,102,3,5943,-0.19667477696674776,72.52941176470588,0.0005870841487279843
96,2021-02-09,facebook_retarg,estioncgial,4387490,9721,2152,290,6,1,4353,1.0227695167286246,358.6666666666667,0.0034482758620689655
97,2021-02-09,facebook_lal,social,544756,189854,29091,1198,24,3,2943,-0.8988346911415902,1212.125,0.0025041736227045075
98,2021-02-09,instagram_blogg,eirnfluencer,374754,346068,57642,3006,99,15,89460,0.5519933381909025,582.2424242424242,0.00499001996007984
99,2021-02-09,banner_partner,media,39889,3736884,44732,4190,84,13,51259,0.14591344004292228,532.5238095238095,0.0031026252983293555
100,2021-02-10,facebook_tier1,social,349043,961800,43386,4809,96,8,42400,-0.022726225049555154,451.9375,0.0016635475150758993
101,2021-02-10,facebook_tier2,social,348934,852250,43866,6596,132,7,34867,-0.20514749464277574,332.3181818181818,0.001061249241964827
102,2021-02-10,google_hot,search,89459845,108748,51883,1797,57,11,86724,0.6715301736599657,910.2280701754386,0.006121313299944352
103,2021-02-10,google_wide,search,127823,797238,67578,4797,154,19,42598,-0.36964692651454617,438.8181818181818,0.003960808838857619
104,2021-02-10,youtube_blogger,influencer,10934,1469962,19831,8998,80,16,130768,5.5941203166759115,247.8875,0.0017781729273171815
105,2021-02-10,instagram_tier1,social,9034945,3858193,38890,5406,186,14,83734,1.1530984829004887,209.08602150537635,0.002589715131335553
106,2021-02-10,instagram_tier2,social,983498,2040000,14148,10200,395,4,7924,-0.43992083686740174,35.81772151898734,0.000392156862745098
107,2021-02-10,facebook_retarg,estioncgial,4387490,18399,12713,599,22,5,27065,1.1289231495319751,577.8636363636364,0.008347245409015025
108,2021-02-10,facebook_lal,social,544756,321713,131236,2396,88,15,14715,-0.8878737541528239,1491.3181818181818,0.006260434056761269
109,2021-02-10,instagram_blogg,eirnfluencer,374754,489728,126901,6005,187,34,143888,0.13386025326829576,678.6149732620321,0.005661948376353039
110,2021-02-10,banner_partner,media,39889,5219501,179519,8391,302,60,196680,0.0955943382037556,594.433774834437,0.007150518412584912
111,2021-02-11,facebook_tier1,social,349043,1061233,105681,7206,144,23,105225,-0.004314872115138956,733.8958333333334,0.003191784623924507
112,2021-02-11,facebook_tier2,social,348934,4564542,188516,9895,304,28,131068,-0.30473805936896603,620.1184210526316,0.002829711975745326
113,2021-02-11,google_hot,search,89459845,134600,26220,2692,54,6,48990,0.868421052631579,485.55555555555554,0.002228826151560178
114,2021-02-11,google_wide,search,127823,1254537,51423,7198,144,14,41986,-0.1835171032417401,357.1041666666667,0.001944984717977216
115,2021-02-11,youtube_blogger,influencer,10934,1210466,197161,13506,474,95,831820,3.2189885423587827,415.95147679324896,0.007033910854435066
116,2021-02-11,instagram_tier1,social,9034945,2224531,349,8106,1,0,0,-1.0,349.0,0.0
117,2021-02-11,instagram_tier2,social,983498,3058200,4139,15291,114,1,2771,-0.3305146170572602,36.30701754385965,6.539794650447976e-05
118,2021-02-11,facebook_retarg,estioncgial,4387490,26774,17711,893,27,6,29886,0.6874258935125064,655.9629629629629,0.006718924972004479
119,2021-02-11,facebook_lal,social,544756,359500,6171,3595,5,1,677,-0.8902933074056069,1234.2,0.0002781641168289291
120,2021-02-11,instagram_blogg,eirnfluencer,374754,900400,128751,9004,227,29,143869,0.11742044721982742,567.1850220264317,0.0032207907596623724
121,2021-02-11,banner_partner,media,39889,5125187,193124,12602,482,57,226917,0.17498084132474473,400.6721991701245,0.004523091572766228
122,2021-02-12,facebook_tier1,social,349043,1804868,110004,9607,192,23,96163,-0.12582269735645976,572.9375,0.0023940876444259393
123,2021-02-12,facebook_tier2,social,348934,2639200,191722,13196,325,32,176512,-0.07933361846840738,589.9138461538462,0.002424977265838133
124,2021-02-12,google_hot,search,89459845,161493,59745,3602,72,14,122710,1.0538957234915056,829.7916666666666,0.003886729594669628
125,2021-02-12,google_wide,search,127823,1502383,86733,9605,192,19,56639,-0.3469728938235735,451.734375,0.001978136387298282
126,2021-02-12,youtube_blogger,influencer,10934,1299708,121652,17994,378,61,486841,3.001915299378555,321.83068783068785,0.003390018895187285
127,2021-02-12,instagram_tier1,social,9034945,3735390,26660,10806,115,9,53523,1.0076144036009003,231.82608695652175,0.000832870627429206
128,2021-02-12,instagram_tier2,social,983498,7156880,49060,20391,408,15,29715,-0.3943130860171219,120.24509803921569,0.0007356186552890981
129,2021-02-12,facebook_retarg,estioncgial,4387490,42587,11278,1207,34,8,39848,2.533250576343323,331.70588235294116,0.006628003314001657
130,2021-02-12,facebook_lal,social,544756,480000,44581,4800,33,5,6945,-0.8442161458917476,1350.939393939394,0.0010416666666666667
131,2021-02-12,instagram_blogg,eirnfluencer,374754,1200300,308572,12003,412,79,393499,0.2752258792113348,748.9611650485436,0.006581687911355495
132,2021-02-12,banner_partner,media,39889,10819771,145201,16808,336,49,195069,0.3434411608735477,432.1458333333333,0.0029152784388386485
133,2021-02-13,facebook_tier1,social,349043,1496322,308692,11990,397,60,341880,0.10751169450455471,777.5617128463476,0.0050041701417848205
134,2021-02-13,facebook_tier2,social,348934,2358224,325444,16506,655,52,262184,-0.19438060004178906,496.8610687022901,0.003150369562583303
135,2021-02-13,google_hot,search,89459845,225350,61588,4507,100,17,152660,1.4787296226537636,615.88,0.0037719103616596404
136,2021-02-13,google_wide,search,127823,3452027,216562,12010,378,56,123088,-0.4316269705673202,572.9153439153439,0.00466278101582015
137,2021-02-13,youtube_blogger,influencer,10934,2250900,205045,22509,790,158,1296550,5.3232461167060885,259.5506329113924,0.007019414456439646
138,2021-02-13,instagram_tier1,social,9034945,2698200,88845,13491,219,26,176384,0.9853002419944847,405.6849315068493,0.0019272107330813135
139,2021-02-13,instagram_tier2,social,983498,5100600,16657,25503,510,6,10134,-0.3916071321366392,32.66078431372549,0.00023526643924244207
140,2021-02-13,facebook_retarg,estioncgial,4387490,50333,8367,1510,19,4,18828,1.2502689135891,440.36842105263156,0.0026490066225165563
141,2021-02-13,facebook_lal,social,544756,495013,171332,6006,128,19,24035,-0.8597168071346859,1338.53125,0.0031635031635031635
142,2021-02-13,instagram_blogg,eirnfluencer,374754,1499200,32770,14992,50,8,43976,0.34195910894110465,655.4,0.0005336179295624333
143,2021-02-13,banner_partner,media,39889,17890507,390105,20993,734,118,353174,-0.09466938388382615,531.4782016348773,0.0056209212594674415
144,2021-02-14,facebook_tier1,social,349043,2452315,60245,14406,110,14,63560,0.05502531330400863,547.6818181818181,0.0009718172983479105
145,2021-02-14,facebook_tier2,social,348934,7936534,197948,19797,396,30,149430,-0.2451047749914119,499.8686868686869,0.0015153811183512653
146,2021-02-14,google_hot,search,89459845,263754,56440,5409,90,11,84183,0.49154854712969526,627.1111111111111,0.0020336476243298205
147,2021-02-14,google_wide,search,127823,3111389,196998,14390,498,48,101280,-0.48588310541223767,395.578313253012,0.0033356497567755385
148,2021-02-14,youtube_blogger,influencer,10934,2511956,231751,26993,540,85,733550,2.165250635380214,429.1685185185185,0.0031489645463638723
149,2021-02-14,instagram_tier1,social,9034945,3239400,312844,16197,604,72,377352,0.20619861656288757,517.9536423841059,0.004445267642155954
150,2021-02-14,instagram_tier2,social,983498,5130500,218228,30602,935,54,119718,-0.45140861850908226,233.39893048128343,0.0017645905496372785
151,2021-02-14,facebook_retarg,estioncgial,4387490,55495,4764,1790,10,2,10902,1.2884130982367759,476.4,0.0011173184357541898
152,2021-02-14,facebook_lal,social,544756,605220,170719,7205,142,21,14280,-0.916353774330918,1202.2464788732395,0.002914642609299098
153,2021-02-14,instagram_blogg,eirnfluencer,374754,2429465,205870,17998,354,53,306817,0.49034342060523634,581.5536723163842,0.002944771641293477
154,2021-02-14,banner_partner,media,39889,7218480,225274,25190,504,76,236056,0.0478617150669851,446.97222222222223,0.003017070265978563
155,2021-02-15,facebook_tier1,social,349043,3361800,168064,16809,247,30,149430,-0.11087442878903275,680.421052631579,0.001784758165268606
156,2021-02-15,facebook_tier2,social,348934,3441545,593576,23103,694,81,403461,-0.32028754531854386,855.2968299711815,0.003506038176860148
157,2021-02-15,google_hot,search,89459845,315350,82931,6307,126,19,138073,0.6649142057855325,658.1825396825396,0.0030125257650229905
158,2021-02-15,google_wide,search,127823,3359600,124854,16798,336,31,92411,-0.2598475018821984,371.5892857142857,0.0018454577925943565
159,2021-02-15,youtube_blogger,influencer,10934,2478877,151480,31504,630,98,782138,4.163308687615527,240.44444444444446,0.003110716099542915
160,2021-02-15,instagram_tier1,social,9034945,3780200,136269,18901,378,45,269145,0.9751007198996103,360.5,0.0023808264113009893
161,2021-02-15,instagram_tier2,social,983498,7138400,37099,35692,916,11,21791,-0.4126256772419742,40.501091703056765,0.0003081923120026897
162,2021-02-15,facebook_retarg,estioncgial,4387490,63986,14610,2099,28,5,24905,0.7046543463381246,521.7857142857143,0.0023820867079561697
163,2021-02-15,facebook_lal,social,544756,1093435,6588,8402,4,1,741,-0.8875227686703097,1647.0,0.00011901928112354201
164,2021-02-15,instagram_blogg,eirnfluencer,374754,2100700,82452,21007,122,24,103392,0.25396594382186,675.8360655737705,0.0011424763174180035
165,2021-02-15,banner_partner,media,39889,8747458,543275,29390,1061,171,809685,0.4903778012976853,512.0405278039585,0.005818305546104117
166,2021-02-16,facebook_tier1,social,349043,3839000,393027,19195,384,64,336448,-0.14395703094189458,1023.5078125,0.0033342016150039074
167,2021-02-16,facebook_tier2,social,348934,5280000,595176,26400,923,80,392160,-0.34110246380902454,644.8277356446371,0.0030303030303030303
168,2021-02-16,google_hot,search,89459845,373184,102053,7198,144,22,185482,0.8175065897131882,708.7013888888889,0.0030564045568213394
169,2021-02-16,google_wide,search,127823,3841400,271906,19207,666,67,199727,-0.26545570895824294,408.26726726726724,0.0034883115530796064
170,2021-02-16,youtube_blogger,influencer,10934,4371118,221258,35999,720,128,1021570,3.617098590785418,307.3027777777778,0.0035556543237312147
171,2021-02-16,instagram_tier1,social,9034945,4319200,143680,21596,432,34,171972,0.1969097995545657,332.5925925925926,0.0015743656232635674
172,2021-02-16,instagram_tier2,social,983498,15988504,103731,40794,816,24,41424,-0.6006593978656333,127.12132352941177,0.0005883218120311811
173,2021-02-16,facebook_retarg,estioncgial,4387490,80233,31712,2407,48,12,59772,0.8848385469223007,660.6666666666666,0.004985459077690071
174,2021-02-16,facebook_lal,social,544756,1576818,345629,9597,292,39,25857,-0.9251885692462148,1183.6609589041095,0.004063769928102532
175,2021-02-16,instagram_blogg,eirnfluencer,374754,3937010,620903,23994,833,160,939360,0.512893318279989,745.3817527010805,0.0066683337501041925
176,2021-02-16,banner_partner,media,39889,56876855,206424,33592,416,62,246822,0.19570398790838275,496.21153846153845,0.0018456775422719695
177,2021-02-17,facebook_tier1,social,349043,4320600,489831,21603,652,86,428366,-0.12548205401454787,751.2745398773006,0.00398092857473499
178,2021-02-17,facebook_tier2,social,348934,6102420,403691,29704,594,61,303841,-0.24734264573646675,679.6144781144781,0.002053595475356854
179,2021-02-17,google_hot,search,89459845,490058,116213,8104,162,31,227726,0.9595570202989339,717.3641975308642,0.0038252714708785786
180,2021-02-17,google_wide,search,127823,4319200,180223,21596,442,44,136708,-0.2414508692009344,407.7443438914027,0.002037414335988146
181,2021-02-17,youtube_blogger,influencer,10934,4049400,363811,40494,746,149,1189170,2.268647731926742,487.6823056300268,0.003679557465303502
182,2021-02-17,instagram_tier1,social,9034945,4999407,246023,24294,606,73,496546,1.0182909727952265,405.97854785478546,0.0030048571663785295
183,2021-02-17,instagram_tier2,social,983498,32964848,162819,45907,974,46,121900,-0.25131587836800373,167.1652977412731,0.0010020258348400026
184,2021-02-17,facebook_retarg,estioncgial,4387490,84332,31423,2698,54,11,45441,0.44610635521751585,581.9074074074074,0.00407709414381023
185,2021-02-17,facebook_lal,social,544756,1361187,291254,10810,216,32,31392,-0.8922177892835806,1348.398148148148,0.0029602220166512487
186,2021-02-17,instagram_blogg,eirnfluencer,374754,2795511,462606,26990,795,119,592739,0.2813041767724586,581.8943396226415,0.004409040385327899
187,2021-02-17,banner_partner,media,39889,16553044,523398,37805,756,142,565302,0.08006144463677736,692.3253968253969,0.003756116915751885
188,2021-02-18,facebook_tier1,social,349043,4798200,30892,23991,61,6,25686,-0.1685225948465622,506.42622950819674,0.00025009378516943853
189,2021-02-18,facebook_tier2,social,348934,4678356,373294,33003,1313,51,237711,-0.3632070164535192,284.3061690784463,0.0015453140623579674
190,2021-02-18,google_hot,search,89459845,527210,119542,9004,162,28,214368,0.7932442154221947,737.9135802469136,0.003109729009329187
191,2021-02-18,google_wide,search,127823,10593685,200986,24005,480,43,93353,-0.5355248624282288,418.72083333333336,0.0017912934805248907
192,2021-02-18,youtube_blogger,influencer,10934,4064081,86523,45004,144,31,256897,1.969118037978341,600.8541666666666,0.0006888276597635766
193,2021-02-18,instagram_tier1,social,9034945,11212959,241388,27009,599,72,430632,0.7839826337680414,402.98497495826376,0.0026657780739753416
194,2021-02-18,instagram_tier2,social,983498,13281923,58596,51000,1020,16,36016,-0.3853505358727558,57.44705882352941,0.00031372549019607844
195,2021-02-18,facebook_retarg,estioncgial,4387490,97885,17177,2991,28,6,33930,0.975315829306631,613.4642857142857,0.0020060180541624875
196,2021-02-18,facebook_lal,social,544756,1181224,171831,11991,128,19,17917,-0.8957289429730375,1342.4296875,0.0015845217246268034
197,2021-02-18,instagram_blogg,eirnfluencer,374754,2482796,518530,30000,1032,134,796630,0.5363238385435751,502.4515503875969,0.0044666666666666665
198,2021-02-18,banner_partner,media,39889,419970000,339735,41997,840,114,516420,0.5200671111307342,404.44642857142856,0.0027144796056861203
199,2021-02-19,facebook_tier1,social,349043,15345139,53254,26407,71,10,44550,-0.16344312164344463,750.056338028169,0.0003786874692316431
200,2021-02-19,facebook_tier2,social,348934,7260800,415376,36304,726,58,288898,-0.30449038943029927,572.1432506887053,0.0015976200969590128
201,2021-02-19,google_hot,search,89459845,413291,9778,9904,14,2,15962,0.6324401718142769,698.4285714285714,0.00020193861066235866
202,2021-02-19,google_wide,search,127823,8455475,81624,26406,281,20,72300,-0.11423110849750073,290.47686832740214,0.0007574036203893055
203,2021-02-19,youtube_blogger,influencer,10934,3801165,880357,49510,1666,369,2812520,2.1947494027990917,528.4255702280913,0.007453039789941426
204,2021-02-19,instagram_tier1,social,9034945,6168252,300775,29699,1082,96,574176,0.9089884465131743,277.98059149722735,0.0032324320684198123
205,2021-02-19,instagram_tier2,social,983498,11222000,9909,56110,185,3,3621,-0.6345746291250378,53.56216216216216,5.346640527535199e-05
206,2021-02-19,facebook_retarg,estioncgial,4387490,115166,3173,3297,7,1,5199,0.6385124487866373,453.2857142857143,0.00030330603579011223
207,2021-02-19,facebook_lal,social,544756,1320200,440355,13202,264,45,80325,-0.8175903532377287,1668.0113636363637,0.0034085744584153917
208,2021-02-19,instagram_blogg,eirnfluencer,374754,3299900,404285,32999,694,104,519272,0.28442064385272764,582.543227665706,0.0031516106548683293
209,2021-02-19,banner_partner,media,39889,19065489,492126,46209,924,139,556417,0.13063930781954214,532.6038961038961,0.003008072020602047
210,2021-02-20,facebook_tier1,social,349043,9916906,56874,28796,88,12,59772,0.05095474206139888,646.2954545454545,0.00041672454507570494
211,2021-02-20,facebook_tier2,social,348934,7918600,455831,39593,853,68,387124,-0.15072910793693275,534.3856975381008,0.0017174753112924003
212,2021-02-20,google_hot,search,89459845,540450,190469,10809,359,47,365378,0.9183069160860823,530.5543175487466,0.004348228328244981
213,2021-02-20,google_wide,search,127823,5762000,435770,28810,732,96,253440,-0.41840879362966704,595.3142076502733,0.0033321763276640054
214,2021-02-20,youtube_blogger,influencer,10934,5399300,303860,53993,1094,182,1452540,3.7802935562430067,277.7513711151737,0.003370807326875706
215,2021-02-20,instagram_tier1,social,9034945,7669421,404737,32395,1003,139,847066,1.0928800677971127,403.5264207377866,0.004290785615064053
216,2021-02-20,instagram_tier2,social,983498,12239000,150065,61195,1224,48,73392,-0.5109319294972179,122.60212418300654,0.0007843778086444971
217,2021-02-20,facebook_retarg,estioncgial,4387490,111784,73588,3594,116,24,119544,0.6245039952166114,634.3793103448276,0.00667779632721202
218,2021-02-20,facebook_lal,social,544756,1118531,173041,14399,113,18,17658,-0.8979548199559642,1531.3362831858408,0.0012500868115841379
219,2021-02-20,instagram_blogg,eirnfluencer,374754,5497354,504576,35994,822,137,682397,0.35241668252156266,613.8394160583941,0.0038061899205423127
220,2021-02-20,banner_partner,media,39889,26012342,750361,50408,1678,252,1003210,0.3369698052004302,447.17580452920146,0.004999206475162672
221,2021-02-21,facebook_tier1,social,349043,478600,38597,2393,66,7,31094,-0.19439334663315802,584.8030303030303,0.0029251984956122023
222,2021-02-21,facebook_tier2,social,348934,543787,39481,3299,113,6,29538,-0.2518426584939591,349.3893805309734,0.0018187329493785996
223,2021-02-21,google_hot,search,89459845,49655,9444,907,18,2,15962,0.6901736552308344,524.6666666666666,0.002205071664829107
224,2021-02-21,google_wide,search,127823,478400,17476,2392,48,5,12910,-0.2612726024261845,364.0833333333333,0.0020903010033444815
225,2021-02-21,youtube_blogger,influencer,10934,713896,30801,4507,90,20,159620,4.182299275997533,342.23333333333335,0.004437541601952518
226,2021-02-21,instagram_tier1,social,9034945,555915,29458,2709,60,10,55540,0.8853961572408174,490.96666666666664,0.0036913990402362494
227,2021-02-21,instagram_tier2,social,983498,781353,12504,5104,102,4,7924,-0.36628278950735765,122.58823529411765,0.0007836990595611285
228,2021-02-21,facebook_retarg,estioncgial,4387490,10812,1556,296,3,1,3993,1.5661953727506426,518.6666666666666,0.0033783783783783786
229,2021-02-21,facebook_lal,social,544756,119400,32170,1194,24,4,3924,-0.8780230027976376,1340.4166666666667,0.0033500837520938024
230,2021-02-21,instagram_blogg,eirnfluencer,374754,300900,65006,3009,89,17,84677,0.3026028366612313,730.4044943820224,0.005649717514124294
231,2021-02-21,banner_partner,media,39889,42080000,25023,4208,67,10,31710,0.26723414458697997,373.4776119402985,0.002376425855513308
232,2021-02-22,facebook_tier1,social,349043,605386,59710,4802,96,12,67632,0.13267459387037348,621.9791666666666,0.0024989587671803417
233,2021-02-22,facebook_tier2,social,348934,2090371,95536,6606,132,14,69734,-0.2700762016412661,723.7575757575758,0.002119285498032092
234,2021-02-22,google_hot,search,89459845,90500,30645,1810,65,7,59045,0.9267417196932616,471.46153846153845,0.0038674033149171273
235,2021-02-22,google_wide,search,127823,959600,12348,4798,39,4,11924,-0.03433754454162617,316.61538461538464,0.0008336807002917883
236,2021-02-22,youtube_blogger,influencer,10934,757387,77804,8997,180,42,359394,3.619222662073929,432.24444444444447,0.004668222740913638
237,2021-02-22,instagram_tier1,social,9034945,4565811,33475,5397,108,9,53829,0.6080358476474982,309.9537037037037,0.0016675931072818232
238,2021-02-22,instagram_tier2,social,983498,2190892,19197,10202,124,7,14602,-0.23936031671615357,154.81451612903226,0.000686139972554401
239,2021-02-22,facebook_retarg,estioncgial,4387490,17821,5792,598,12,3,12168,1.100828729281768,482.6666666666667,0.005016722408026756
240,2021-02-22,facebook_lal,social,544756,239600,51783,2396,48,6,5886,-0.8863333526446904,1078.8125,0.0025041736227045075
241,2021-02-22,instagram_blogg,eirnfluencer,374754,599700,137382,5997,236,35,158340,0.15255273616631,582.1271186440678,0.005836251459062865
242,2021-02-22,banner_partner,media,39889,105873774,60022,8409,168,20,80600,0.3428409583152844,357.2738095238095,0.0023784040908550364
243,2021-02-23,facebook_tier1,social,349043,924525,9858,1203,28,2,9962,0.010549807263136538,352.07142857142856,0.0016625103906899418
244,2021-02-23,facebook_tier2,social,348934,475992,19350,1641,37,3,12225,-0.3682170542635659,522.972972972973,0.0018281535648994515
245,2021-02-23,google_hot,search,89459845,22175,5409,442,9,2,15050,1.7823997041967092,601.0,0.004524886877828055
246,2021-02-23,google_wide,search,127823,241000,12582,1205,24,3,8943,-0.2892226990939437,524.25,0.0024896265560165973
247,2021-02-23,youtube_blogger,influencer,10934,297609,16343,2246,45,8,63848,2.906749066878786,363.1777777777778,0.003561887800534283
248,2021-02-23,instagram_tier1,social,9034945,536236,557,1349,1,0,0,-1.0,557.0,0.0
249,2021-02-23,instagram_tier2,social,983498,512000,4285,2560,51,2,2934,-0.31528588098016336,84.01960784313725,0.00078125
250,2021-02-23,facebook_retarg,estioncgial,4387490,4908,1238,155,3,1,5265,3.252827140549273,412.6666666666667,0.0064516129032258064
251,2021-02-23,facebook_lal,social,544756,60800,16079,608,12,2,2720,-0.830835250948442,1339.9166666666667,0.003289473684210526
252,2021-02-23,instagram_blogg,eirnfluencer,374754,117218,15435,1500,31,4,17816,0.15425979915775834,497.9032258064516,0.0026666666666666666
253,2021-02-23,banner_partner,media,39889,654544,16706,2099,42,6,23886,0.42978570573446667,397.76190476190476,0.0028585040495474035
254,2021-02-24,facebook_tier1,social,349043,479596,94564,2408,93,15,81825,-0.13471299860411995,1016.8172043010753,0.006229235880398671
255,2021-02-24,facebook_tier2,social,348934,395127,44347,3297,66,7,34867,-0.213768687848107,671.9242424242424,0.0021231422505307855
256,2021-02-24,google_hot,search,89459845,45150,14306,903,18,3,23943,0.6736334405144695,794.7777777777778,0.0033222591362126247
257,2021-02-24,google_wide,search,127823,291441,22358,2408,52,5,19060,-0.14750872171034976,429.96153846153845,0.0020764119601328905
258,2021-02-24,youtube_blogger,influencer,10934,409320,22944,4508,65,14,111734,3.8698570432357045,352.9846153846154,0.003105590062111801
259,2021-02-24,instagram_tier1,social,9034945,869482,23908,2703,42,7,36456,0.5248452400870002,569.2380952380952,0.002589715131335553
260,2021-02-24,instagram_tier2,social,983498,624157,18675,5098,122,6,10590,-0.43293172690763054,153.0737704918033,0.0011769321302471558
261,2021-02-24,facebook_retarg,estioncgial,4387490,8966,2857,297,6,1,4981,0.7434371718585929,476.1666666666667,0.003367003367003367
262,2021-02-24,facebook_lal,social,544756,148794,48797,1196,38,6,8178,-0.8324077299834006,1284.1315789473683,0.005016722408026756
263,2021-02-24,instagram_blogg,eirnfluencer,374754,355802,42312,2990,60,9,44829,0.059486670448099827,705.2,0.0030100334448160534
264,2021-02-24,banner_partner,media,39889,2770687,34170,4205,84,16,63696,0.8640913081650571,406.7857142857143,0.0038049940546967895
265,2021-02-25,facebook_tier1,social,349043,94600,11230,473,15,2,10104,-0.10026714158504008,748.6666666666666,0.004228329809725159
266,2021-02-25,facebook_tier2,social,348934,131400,10357,657,13,2,9962,-0.03813845708216665,796.6923076923077,0.0030441400304414
267,2021-02-25,google_hot,search,89459845,8750,1079,175,1,0,0,-1.0,1079.0,0.0
268,2021-02-25,google_wide,search,127823,61867,9472,487,19,2,5730,-0.3950591216216216,498.5263157894737,0.004106776180698152
269,2021-02-25,youtube_blogger,influencer,10934,94976,9035,904,22,5,38030,3.2091864969562813,410.6818181818182,0.0055309734513274336
270,2021-02-25,instagram_tier1,social,9034945,106000,2304,530,6,1,5981,1.5959201388888888,384.0,0.0018867924528301887
271,2021-02-25,instagram_tier2,social,983498,115468,2059,1015,20,1,1981,-0.03788246721709568,102.95,0.0009852216748768472
272,2021-02-25,facebook_retarg,estioncgial,4387490,2214,1487,66,3,1,4461,2.0,495.6666666666667,0.015151515151515152
273,2021-02-25,facebook_lal,social,544756,25000,5871,250,5,1,981,-0.8329075114971896,1174.2,0.004
274,2021-02-25,instagram_blogg,eirnfluencer,374754,46753,6228,591,12,2,10130,0.6265253692999357,519.0,0.00338409475465313
275,2021-02-25,banner_partner,media,39889,2885291,7584,848,17,3,11943,0.5747626582278481,446.11764705882354,0.003537735849056604
276,2021-02-26,facebook_tier1,social,349043,168408,19888,1207,39,4,22488,0.13073209975864844,509.94871794871796,0.0033140016570008283
277,2021-02-26,facebook_tier2,social,348934,438858,17935,1657,33,3,15345,-0.14441037078338445,543.4848484848485,0.0018105009052504525
278,2021-02-26,google_hot,search,89459845,22450,1546,449,2,0,0,-1.0,773.0,0.0
279,2021-02-26,google_wide,search,127823,240600,4453,1203,11,1,2283,-0.4873119245452504,404.8181818181818,0.0008312551953449709
280,2021-02-26,youtube_blogger,influencer,10934,195016,38804,2247,82,16,127696,2.290794763426451,473.219512195122,0.007120605251446373
281,2021-02-26,instagram_tier1,social,9034945,174375,12592,1342,27,4,26556,1.1089580686149936,466.3703703703704,0.0029806259314456036
282,2021-02-26,instagram_tier2,social,983498,508600,2404,2543,73,1,1981,-0.1759567387687188,32.93150684931507,0.00039323633503735744
283,2021-02-26,facebook_retarg,estioncgial,4387490,4906,1071,143,3,1,4981,3.6507936507936507,357.0,0.006993006993006993
284,2021-02-26,facebook_lal,social,544756,55269,316,610,0,0,0,-1.0,inf,0.0
285,2021-02-26,instagram_blogg,eirnfluencer,374754,192489,15596,1497,34,5,25205,0.6161195178250833,458.70588235294116,0.0033400133600534404
286,2021-02-26,banner_partner,media,39889,20930000,8088,2093,22,3,12213,0.5100148367952523,367.6363636363636,0.001433349259436216
287,2021-02-27,facebook_tier1,social,349043,213771,5003,241,9,1,4223,-0.1559064561263242,555.8888888888889,0.004149377593360996
288,2021-02-27,facebook_tier2,social,348934,66400,3236,332,13,0,0,-1.0,248.92307692307693,0.0
289,2021-02-27,google_hot,search,89459845,4662,1754,83,2,0,0,-1.0,877.0,0.0
290,2021-02-27,google_wide,search,127823,40004,1487,243,5,0,0,-1.0,297.4,0.0
291,2021-02-27,youtube_blogger,influencer,10934,44000,5722,440,15,3,23943,3.184376092275428,381.46666666666664,0.006818181818181818
292,2021-02-27,instagram_tier1,social,9034945,44112,1832,275,6,1,5981,2.2647379912663754,305.3333333333333,0.0036363636363636364
293,2021-02-27,instagram_tier2,social,983498,78799,254,503,3,0,0,-1.0,84.66666666666667,0.0
294,2021-02-27,facebook_retarg,estioncgial,4387490,667,200,20,0,0,0,-1.0,inf,0.0
295,2021-02-27,facebook_lal,social,544756,13693,3098,115,2,0,0,-1.0,1549.0,0.0
296,2021-02-27,instagram_blogg,eirnfluencer,374754,24018,3524,298,6,1,4661,0.32264472190692395,587.3333333333334,0.003355704697986577
297,2021-02-27,banner_partner,media,39889,182546,2791,426,9,1,3981,0.42637047653170906,310.1111111111111,0.002347417840375587
298,2021-02-28,facebook_tier1,social,349043,97200,6441,486,11,1,4981,-0.22667287688247167,585.5454545454545,0.00205761316872428
299,2021-02-28,facebook_tier2,social,348934,132200,8666,661,13,1,5509,-0.364297253634895,666.6153846153846,0.0015128593040847202
300,2021-02-28,google_hot,search,89459845,11554,3530,187,5,1,8714,1.4685552407932012,706.0,0.0053475935828877
301,2021-02-28,google_wide,search,127823,55625,385,487,1,0,0,-1.0,385.0,0.0
302,2021-02-28,youtube_blogger,influencer,10934,129025,9893,909,21,5,37450,2.785504902456282,471.0952380952381,0.005500550055005501
303,2021-02-28,instagram_tier1,social,9034945,63566,4951,546,12,1,5981,0.20803878004443546,412.5833333333333,0.0018315018315018315
304,2021-02-28,instagram_tier2,social,983498,775780,761,1024,4,0,0,-1.0,190.25,0.0
305,2021-02-28,facebook_retarg,estioncgial,4387490,1933,225,58,0,0,0,-1.0,inf,0.0
306,2021-02-28,facebook_lal,social,544756,25840,6845,248,5,1,1491,-0.7821767713659605,1369.0,0.004032258064516129
307,2021-02-28,instagram_blogg,eirnfluencer,374754,94058,4846,594,12,1,5008,0.03342963268675196,403.8333333333333,0.0016835016835016834
308,2021-02-28,banner_partner,media,39889,8490000,6823,849,18,2,7030,0.03033856075040305,379.05555555555554,0.002355712603062426
309,2021-03-01,facebook_tier1,social,349043,147161,6955,1253,13,1,5018,-0.27850467289719627,535.0,0.0007980845969672786
310,2021-03-01,facebook_tier2,social,348934,269819,20677,2108,59,4,18940,-0.08400638390482178,350.45762711864404,0.0018975332068311196
311,2021-03-01,google_hot,search,89459845,23052,5459,465,9,1,7599,0.39201318922879647,606.5555555555555,0.002150537634408602
312,2021-03-01,google_wide,search,127823,144305,5788,1173,24,1,2035,-0.6484105044920525,241.16666666666666,0.0008525149190110827
313,2021-03-01,youtube_blogger,influencer,10934,220260,30541,2364,50,10,88469,1.8967289872630235,610.82,0.004230118443316413
314,2021-03-01,instagram_tier1,social,9034945,453825,9664,1374,26,3,18813,0.9467094370860927,371.6923076923077,0.002183406113537118
315,2021-03-01,instagram_tier2,social,983498,491799,3815,2681,93,1,1932,-0.4935779816513762,41.02150537634409,0.0003729951510630362
316,2021-03-01,facebook_retarg,estioncgial,4387490,5339,1353,155,3,1,5028,2.7161862527716187,451.0,0.0064516129032258064
317,2021-03-01,facebook_lal,social,544756,55890,17280,567,14,2,4115,-0.7618634259259259,1234.2857142857142,0.003527336860670194
318,2021-03-01,instagram_blogg,eirnfluencer,374754,121434,22855,1556,49,7,39525,0.7293808794574491,466.42857142857144,0.004498714652956298
319,2021-03-01,banner_partner,media,39889,20335403,894,2027,3,0,0,-1.0,298.0,0.0
320,2021-03-02,facebook_tier1,social,349043,470492,18166,2338,49,4,17983,-0.010073764174832104,370.734693877551,0.001710863986313088
321,2021-03-02,facebook_tier2,social,348934,1200749,2711,3976,12,0,0,-1.0,225.91666666666666,0.0
322,2021-03-02,google_hot,search,89459845,45020,11073,892,19,3,24254,1.1903729793190645,582.7894736842105,0.0033632286995515697
323,2021-03-02,google_wide,search,127823,314023,15882,2377,37,4,11992,-0.2449313688452336,429.2432432432432,0.0016827934371055953
324,2021-03-02,youtube_blogger,influencer,10934,437820,43395,4307,81,16,150546,2.4692015209125477,535.7407407407408,0.0037148827490132343
325,2021-03-02,instagram_tier1,social,9034945,547001,30344,2601,57,9,44886,0.47923807012918535,532.3508771929825,0.0034602076124567475
326,2021-03-02,instagram_tier2,social,983498,1005700,1394,5161,14,0,0,-1.0,99.57142857142857,0.0
327,2021-03-02,facebook_retarg,estioncgial,4387490,9545,166,309,0,0,0,-1.0,inf,0.0
328,2021-03-02,facebook_lal,social,544756,110069,8713,1205,7,1,1158,-0.8670951451853552,1244.7142857142858,0.0008298755186721991
329,2021-03-02,instagram_blogg,eirnfluencer,374754,312760,14538,2980,20,3,14288,-0.017196313110469114,726.9,0.0010067114093959733
330,2021-03-02,banner_partner,media,39889,42629394,47076,4011,96,13,53287,0.13193559350836945,490.375,0.0032410870107205184
331,2021-03-03,facebook_tier1,social,349043,2318547,63489,7445,117,13,70942,0.11739041408747972,542.6410256410256,0.0017461383478844861
332,2021-03-03,facebook_tier2,social,348934,1324690,101160,11656,282,15,71115,-0.2970047449584816,358.72340425531917,0.0012868908716540837
333,2021-03-03,google_hot,search,89459845,131056,76014,2657,86,16,119582,0.5731575762359565,883.8837209302326,0.0060218291305984195
334,2021-03-03,google_wide,search,127823,4585442,49088,7074,141,13,39453,-0.19628014993481094,348.1418439716312,0.0018377155781735934
335,2021-03-03,youtube_blogger,influencer,10934,1018072,193828,13688,477,94,791806,3.085096064552077,406.3480083857442,0.0068673290473407365
336,2021-03-03,instagram_tier1,social,9034945,1665056,64931,8113,162,15,81078,0.24867936732839477,400.80864197530866,0.0018488845063478368
337,2021-03-03,instagram_tier2,social,983498,3101670,97882,14879,616,37,102903,0.051296459001655054,158.89935064935065,0.0024867262584851134
338,2021-03-03,facebook_retarg,estioncgial,4387490,29458,5171,904,17,4,22587,3.36801392380584,304.1764705882353,0.004424778761061947
339,2021-03-03,facebook_lal,social,544756,286999,74678,3692,72,9,5368,-0.9281180535097351,1037.1944444444443,0.002437703141928494
340,2021-03-03,instagram_blogg,eirnfluencer,374754,681675,191148,9365,337,51,265988,0.39152907694561284,567.2047477744807,0.005445808862786973
341,2021-03-03,banner_partner,media,39889,129566532,29531,12605,69,13,49946,0.6913074396397006,427.9855072463768,0.0010313367711225704
342,2021-03-04,facebook_tier1,social,349043,2511275,166335,9932,183,31,153033,-0.0799711425737217,908.9344262295082,0.003121224325412807
343,2021-03-04,facebook_tier2,social,348934,5541738,148229,16646,183,20,104434,-0.2954550054307861,809.9945355191256,0.0012014898474107894
344,2021-03-04,google_hot,search,89459845,204382,39707,3528,55,9,71640,0.8042158813307477,721.9454545454546,0.002551020408163265
345,2021-03-04,google_wide,search,127823,1471716,59389,9289,232,17,60565,0.0198016467696038,255.98706896551724,0.0018301216492625687
346,2021-03-04,youtube_blogger,influencer,10934,2147719,177951,18033,428,88,602216,2.3841675517417715,415.7733644859813,0.004879942327954306
347,2021-03-04,instagram_tier1,social,9034945,1365077,108804,11327,234,27,186917,0.7179239733833315,464.97435897435895,0.0023836850004414233
348,2021-03-04,instagram_tier2,social,983498,2870852,40778,20541,392,12,23929,-0.4131884839864633,104.02551020408163,0.0005841974587410544
349,2021-03-04,facebook_retarg,estioncgial,4387490,44657,921,1198,4,1,5290,4.743756786102063,230.25,0.0008347245409015025
350,2021-03-04,facebook_lal,social,544756,411177,120520,4961,68,13,6536,-0.9457683372054431,1772.3529411764705,0.002620439427534771
351,2021-03-04,instagram_blogg,eirnfluencer,374754,1184692,148952,11650,266,37,224122,0.5046592190772866,559.9699248120301,0.0031759656652360514
352,2021-03-04,banner_partner,media,39889,41393654,181513,16490,340,62,207119,0.14106978563518865,533.8617647058824,0.0037598544572468163
353,2021-03-05,facebook_tier1,social,349043,3339129,91790,12319,148,18,86824,-0.05410175400370411,620.2027027027027,0.0014611575614903807
354,2021-03-05,facebook_tier2,social,348934,4022169,326497,19927,400,49,252961,-0.22522718432328628,816.2425,0.0024589752596978973
355,2021-03-05,google_hot,search,89459845,241099,98728,4356,154,24,186092,0.8848958755368285,641.0909090909091,0.005509641873278237
356,2021-03-05,google_wide,search,127823,9936639,58248,12373,133,14,48239,-0.17183422606784782,437.9548872180451,0.001131495999353431
357,2021-03-05,youtube_blogger,influencer,10934,1912869,446410,22632,760,141,1137454,1.548002956923008,587.3815789473684,0.006230116648992577
358,2021-03-05,instagram_tier1,social,9034945,7548141,262156,13417,549,74,447547,0.7071781687239659,477.5154826958106,0.0055153909219646715
359,2021-03-05,instagram_tier2,social,983498,5137920,13726,26350,744,4,8291,-0.3959638641993297,18.448924731182796,0.00015180265654648957
360,2021-03-05,facebook_retarg,estioncgial,4387490,48833,6457,1570,30,5,26132,3.0470806876258325,215.23333333333332,0.0031847133757961785
361,2021-03-05,facebook_lal,social,544756,609490,184692,6157,117,21,9783,-0.9470307322461179,1578.5641025641025,0.0034107519896053274
362,2021-03-05,instagram_blogg,eirnfluencer,374754,2207087,36368,14380,49,8,49960,0.3737351517817862,742.204081632653,0.0005563282336578582
363,2021-03-05,banner_partner,media,39889,8284819,407874,20900,785,125,471908,0.15699456204612208,519.5847133757961,0.005980861244019139
364,2021-03-06,facebook_tier1,social,349043,306806,41168,2439,76,9,44900,0.09065293431791682,541.6842105263158,0.0036900369003690036
365,2021-03-06,facebook_tier2,social,348934,563750,77896,3917,130,11,53096,-0.31837321556947723,599.2,0.002808271636456472
366,2021-03-06,google_hot,search,89459845,46467,6498,868,13,1,8525,0.31194213604185905,499.84615384615387,0.001152073732718894
367,2021-03-06,google_wide,search,127823,461043,22318,2408,47,6,12831,-0.4250828927323237,474.8510638297872,0.0024916943521594683
368,2021-03-06,youtube_blogger,influencer,10934,462934,77644,4298,131,26,219417,1.825936324764309,592.7022900763359,0.00604932526756631
369,2021-03-06,instagram_tier1,social,9034945,438595,3594,2576,14,1,5845,0.6263216471897607,256.7142857142857,0.00038819875776397513
370,2021-03-06,instagram_tier2,social,983498,1642607,12615,5009,100,5,12746,0.010384462940943322,126.15,0.0009982032341784787
371,2021-03-06,facebook_retarg,estioncgial,4387490,10063,1465,295,6,1,5352,2.6532423208191127,244.16666666666666,0.003389830508474576
372,2021-03-06,facebook_lal,social,544756,114880,29026,1226,23,4,6536,-0.7748225728657067,1262.0,0.0032626427406199023
373,2021-03-06,instagram_blogg,eirnfluencer,374754,296567,7980,2915,21,2,9577,0.200125313283208,380.0,0.0006861063464837049
374,2021-03-06,banner_partner,media,39889,42972477,36965,4138,88,10,49629,0.3425943460029758,420.0568181818182,0.002416626389560174
375,2021-03-07,facebook_tier1,social,349043,491902,26590,2272,45,5,25283,-0.049153817224520495,590.8888888888889,0.0022007042253521128
376,2021-03-07,facebook_tier2,social,348934,793601,48000,4214,81,6,30901,-0.35622916666666665,592.5925925925926,0.0014238253440911248
377,2021-03-07,google_hot,search,89459845,46140,6595,903,17,2,14852,1.2520090978013647,387.94117647058823,0.0022148394241417496
378,2021-03-07,google_wide,search,127823,1102249,18971,2494,50,5,17569,-0.07390227188867218,379.42,0.002004811547714515
379,2021-03-07,youtube_blogger,influencer,10934,701642,32951,4549,84,16,119903,2.6388273497010712,392.2738095238095,0.003517256539898879
380,2021-03-07,instagram_tier1,social,9034945,1270895,38454,2826,98,11,66411,0.727024496801373,392.38775510204084,0.00389242745930644
381,2021-03-07,instagram_tier2,social,983498,556175,6582,5152,191,2,4082,-0.37982376177453664,34.460732984293195,0.00038819875776397513
382,2021-03-07,facebook_retarg,estioncgial,4387490,10073,3297,298,6,1,4934,0.4965119805884137,549.5,0.003355704697986577
383,2021-03-07,facebook_lal,social,544756,178511,10334,1180,6,1,944,-0.90865105477066,1722.3333333333333,0.000847457627118644
384,2021-03-07,instagram_blogg,eirnfluencer,374754,314558,45886,2952,95,12,65004,0.416641241337227,483.0105263157895,0.0040650406504065045
385,2021-03-07,banner_partner,media,39889,3795167,81654,4083,141,26,94184,0.15345237220466848,579.1063829787234,0.006367866764633847
386,2021-03-08,facebook_tier1,social,349043,472747,26981,2387,37,5,21920,-0.18757644268188725,729.2162162162163,0.0020946795140343527
387,2021-03-08,facebook_tier2,social,348934,607324,39786,3883,81,6,33863,-0.14887146232343035,491.18518518518516,0.001545197012619109
388,2021-03-08,google_hot,search,89459845,51596,7069,937,19,2,16003,1.2638279813269204,372.05263157894734,0.0021344717182497333
389,2021-03-08,google_wide,search,127823,492586,17261,2442,46,5,17203,-0.0033601761195759224,375.2391304347826,0.0020475020475020475
390,2021-03-08,youtube_blogger,influencer,10934,677020,32904,4473,81,16,115182,2.50054704595186,406.22222222222223,0.003577017661524704
391,2021-03-08,instagram_tier1,social,9034945,464768,344,2704,1,0,0,-1.0,344.0,0.0
392,2021-03-08,instagram_tier2,social,983498,977325,2085,4990,102,1,2002,-0.03980815347721822,20.441176470588236,0.0002004008016032064
393,2021-03-08,facebook_retarg,estioncgial,4387490,9799,4526,308,10,2,9969,1.2026071586389748,452.6,0.006493506493506494
394,2021-03-08,facebook_lal,social,544756,117663,38746,1238,25,5,5140,-0.867341144892376,1549.84,0.004038772213247173
395,2021-03-08,instagram_blogg,eirnfluencer,374754,350575,31079,2986,59,9,43295,0.39306283985971235,526.7627118644068,0.003014065639651708
396,2021-03-08,banner_partner,media,39889,2217560,30393,4179,82,10,43131,0.4191096634093377,370.6463414634146,0.0023929169657812875
397,2021-03-09,facebook_tier1,social,349043,499252,48791,2506,66,9,41094,-0.1577545039044086,739.2575757575758,0.003591380686352753
398,2021-03-09,facebook_tier2,social,348934,701126,78298,3848,113,13,63647,-0.18711844491557894,692.9026548672566,0.0033783783783783786
399,2021-03-09,google_hot,search,89459845,42899,3178,938,5,1,8163,1.5685966016362491,635.6,0.0010660980810234541
400,2021-03-09,google_wide,search,127823,484322,20009,2443,49,5,15232,-0.23874256584536957,408.3469387755102,0.002046663937781416
401,2021-03-09,youtube_blogger,influencer,10934,500759,26800,4324,93,18,143285,4.346455223880597,288.1720430107527,0.004162812210915819
402,2021-03-09,instagram_tier1,social,9034945,739601,10581,2627,19,3,19078,0.8030431906247046,556.8947368421053,0.0011419870574800152
403,2021-03-09,instagram_tier2,social,983498,983508,7327,5266,107,3,5867,-0.1992629998635185,68.4766355140187,0.000569692366122294
404,2021-03-09,facebook_retarg,estioncgial,4387490,9454,2049,298,6,1,4497,1.1947291361639825,341.5,0.003355704697986577
405,2021-03-09,facebook_lal,social,544756,198575,27994,1194,25,3,3006,-0.892619847110095,1119.76,0.002512562814070352
406,2021-03-09,instagram_blogg,eirnfluencer,374754,356086,54817,2986,99,15,89365,0.6302424430377438,553.7070707070707,0.005023442732752847
407,2021-03-09,banner_partner,media,39889,3778932,44326,4066,84,13,51892,0.17068988855299372,527.6904761904761,0.0031972454500737825
408,2021-03-10,facebook_tier1,social,349043,1004883,43945,4695,94,8,42305,-0.03731937649334395,467.5,0.0017039403620873268
409,2021-03-10,facebook_tier2,social,348934,992955,52849,8295,168,9,43073,-0.1849798482468921,314.57738095238096,0.00108499095840868
410,2021-03-10,google_hot,search,89459845,105588,53266,1765,57,11,85026,0.5962527691210153,934.4912280701755,0.006232294617563739
411,2021-03-10,google_wide,search,127823,782657,70944,4986,156,19,44451,-0.3734353856562923,454.7692307692308,0.003810669875651825
412,2021-03-10,youtube_blogger,influencer,10934,1410344,19104,9032,84,16,129427,5.774863902847571,227.42857142857142,0.001771479185119575
413,2021-03-10,instagram_tier1,social,9034945,4045364,37477,5493,184,13,81764,1.1817114496891428,203.67934782608697,0.0023666484616785
414,2021-03-10,instagram_tier2,social,983498,2046405,13617,9934,404,4,7739,-0.4316662994785929,33.70544554455446,0.0004026575397624321
415,2021-03-10,facebook_retarg,estioncgial,4387490,19231,13247,588,22,5,27583,1.0822072922171058,602.1363636363636,0.008503401360544218
416,2021-03-10,facebook_lal,social,544756,313045,129670,2287,85,14,14245,-0.890144212231048,1525.5294117647059,0.006121556624398776
417,2021-03-10,instagram_blogg,eirnfluencer,374754,476862,132774,5803,186,35,145594,0.09655504842815611,713.8387096774194,0.006031363088057901
418,2021-03-10,banner_partner,media,39889,5072926,174969,8687,312,61,202112,0.1551303373740491,560.7980769230769,0.007021986876942558
419,2021-03-11,facebook_tier1,social,349043,1019768,101437,7235,140,24,102158,0.007107860051066179,724.55,0.00331720801658604
420,2021-03-11,facebook_tier2,social,348934,5793702,229033,11754,387,36,156720,-0.3157317941082726,591.8165374677003,0.0030627871362940277
421,2021-03-11,google_hot,search,89459845,139679,25901,2822,56,6,50571,0.9524728774950774,462.51785714285717,0.002126151665485471
422,2021-03-11,google_wide,search,127823,1301234,49950,6920,149,14,42194,-0.15527527527527527,335.23489932885906,0.002023121387283237
423,2021-03-11,youtube_blogger,influencer,10934,1227857,206740,14088,468,91,816586,2.949821031246977,441.7521367521368,0.006459398069278819
424,2021-03-11,instagram_tier1,social,9034945,2275645,353,7786,1,0,0,-1.0,353.0,0.0
425,2021-03-11,instagram_tier2,social,983498,3043543,4187,14816,113,1,2667,-0.3630284213040363,37.05309734513274,6.749460043196545e-05
426,2021-03-11,facebook_retarg,estioncgial,4387490,27788,17722,855,27,6,30155,0.7015573862995147,656.3703703703703,0.007017543859649123
427,2021-03-11,facebook_lal,social,544756,373849,5986,3416,5,1,652,-0.8910791847644504,1197.2,0.0002927400468384075
428,2021-03-11,instagram_blogg,eirnfluencer,374754,896761,128492,9350,217,30,140394,0.09262833483796656,592.1290322580645,0.0032085561497326204
429,2021-03-11,banner_partner,media,39889,5301550,198248,12471,471,60,229359,0.1569297042088697,420.9087048832272,0.0048111618955977865
430,2021-03-12,facebook_tier1,social,349043,1834452,110153,9256,192,22,93146,-0.15439434241464145,573.7135416666666,0.0023768366464995676
431,2021-03-12,facebook_tier2,social,348934,3153833,226264,16553,409,38,222385,-0.017143690556164482,553.2127139364303,0.002295656376487646
432,2021-03-12,google_hot,search,89459845,169237,57498,3431,72,14,126668,1.2029983651605274,798.5833333333334,0.004080443019527835
433,2021-03-12,google_wide,search,127823,1523139,86768,10067,193,19,58844,-0.3218237138115434,449.57512953367876,0.0018873547233535313
434,2021-03-12,youtube_blogger,influencer,10934,1252416,126030,18179,366,59,464902,2.6888201221931287,344.344262295082,0.0032455030529732107
435,2021-03-12,instagram_tier1,social,9034945,3881855,27784,10397,110,9,54376,0.9570976101353297,252.5818181818182,0.000865634317591613
436,2021-03-12,instagram_tier2,social,983498,7042375,49213,20210,405,14,30760,-0.37496190031089344,121.51358024691358,0.0006927263730826323
437,2021-03-12,facebook_retarg,estioncgial,4387490,42871,11785,1152,34,8,40924,2.4725498515061517,346.61764705882354,0.006944444444444444
438,2021-03-12,facebook_lal,social,544756,469800,43921,4879,33,5,6711,-0.8472029325379659,1330.939393939394,0.0010248001639680262
439,2021-03-12,instagram_blogg,eirnfluencer,374754,1151905,316139,12451,398,80,378134,0.19610044948582744,794.3190954773869,0.006425186731989398
440,2021-03-12,banner_partner,media,39889,10743424,150347,16736,334,49,201820,0.34236133743939023,450.14071856287427,0.0029278202676864245
441,2021-03-13,facebook_tier1,social,349043,1456451,303619,12474,387,63,351310,0.1570751501058893,784.5452196382429,0.005050505050505051
442,2021-03-13,facebook_tier2,social,348934,2807842,386349,20893,755,60,330853,-0.1436421473848774,511.7205298013245,0.002871775235724884
443,2021-03-13,google_hot,search,89459845,214780,59675,4686,105,18,153003,1.5639379974863845,568.3333333333334,0.0038412291933418692
444,2021-03-13,google_wide,search,127823,3620252,213077,12131,382,54,119672,-0.4383626576308095,557.7931937172775,0.004451405490066771
445,2021-03-13,youtube_blogger,influencer,10934,2164186,207136,22137,813,151,1311536,5.33176270662753,254.77982779827798,0.006821159145322311
446,2021-03-13,instagram_tier1,social,9034945,2628246,87423,13944,224,25,180880,1.0690207382496597,390.28125,0.0017928858290304074
447,2021-03-13,instagram_tier2,social,983498,5240557,16891,26414,522,6,10072,-0.40370611568290804,32.35823754789272,0.00022715226773680625
448,2021-03-13,facebook_retarg,estioncgial,4387490,48261,8434,1450,20,4,19346,1.293810765947356,421.7,0.002758620689655172
449,2021-03-13,facebook_lal,social,544756,471130,173396,5907,132,19,24945,-0.856138549908879,1313.6060606060605,0.003216522769595395
450,2021-03-13,instagram_blogg,eirnfluencer,374754,1468273,31739,15084,50,8,43389,0.3670563029711081,634.78,0.0005303632988597189
451,2021-03-13,banner_partner,media,39889,17735297,384301,21698,760,121,367227,-0.04442871603248495,505.6592105263158,0.005576550834178265
452,2021-03-14,facebook_tier1,social,349043,2340530,62386,14919,111,14,65822,0.055076459462058795,562.0360360360361,0.0009384006970976607
453,2021-03-14,facebook_tier2,social,348934,9381263,235648,23066,491,35,187581,-0.2039779671374253,479.9348268839104,0.0015173848955172115
454,2021-03-14,google_hot,search,89459845,270475,53858,5358,90,11,82445,0.5307846559471202,598.4222222222222,0.002053004852556924
455,2021-03-14,google_wide,search,127823,3041375,196019,14044,498,50,104867,-0.465016146393972,393.6124497991968,0.0035602392480774707
456,2021-03-14,youtube_blogger,influencer,10934,2483961,229811,27030,545,85,722994,2.146037395947104,421.6715596330275,0.0031446540880503146
457,2021-03-14,instagram_tier1,social,9034945,3115186,318598,16931,579,70,365892,0.14844412080427372,550.2556131260794,0.004134427972358396
458,2021-03-14,instagram_tier2,social,983498,5222430,225792,29490,890,56,116604,-0.483577806122449,253.69887640449437,0.0018989487962021024
459,2021-03-14,facebook_retarg,estioncgial,4387490,56468,4576,1781,10,2,10411,1.275131118881119,457.6,0.0011229646266142617
460,2021-03-14,facebook_lal,social,544756,602292,165166,7300,147,21,13745,-0.9167806933630408,1123.578231292517,0.0028767123287671234
461,2021-03-14,instagram_blogg,eirnfluencer,374754,2372706,213527,17556,371,51,313249,0.46702290576835714,575.544474393531,0.00290498974709501
462,2021-03-14,banner_partner,media,39889,7097546,228469,25774,520,73,241194,0.05569683414380069,439.36346153846154,0.0028323116318770855
463,2021-03-15,facebook_tier1,social,349043,3430134,169216,16126,236,31,153867,-0.09070655257186082,717.0169491525423,0.0019223614039439415
464,2021-03-15,facebook_tier2,social,348934,4212286,734305,28220,865,103,513870,-0.30019542288286205,848.9075144508671,0.003649893692416726
465,2021-03-15,google_hot,search,89459845,307090,84806,6599,125,18,141227,0.6652949083791241,678.448,0.0027276860130322775
466,2021-03-15,google_wide,search,127823,3357955,120155,17392,335,32,93301,-0.22349465274021055,358.67164179104475,0.0018399264029438822
467,2021-03-15,youtube_blogger,influencer,10934,2576059,153748,31535,617,94,785152,4.106746104014361,249.18638573743922,0.0029808149674964324
468,2021-03-15,instagram_tier1,social,9034945,3644965,137903,18191,393,44,266456,0.932198719389716,350.89821882951657,0.0024187785168489915
469,2021-03-15,instagram_tier2,social,983498,7324315,36634,34035,930,11,20739,-0.433886553474914,39.391397849462365,0.0003231967092698693
470,2021-03-15,facebook_retarg,estioncgial,4387490,61311,14234,2101,29,5,24033,0.6884220879584094,490.82758620689657,0.002379819133745835
471,2021-03-15,facebook_lal,social,544756,1044952,6506,8128,4,1,770,-0.8816477098063327,1626.5,0.00012303149606299212
472,2021-03-15,instagram_blogg,eirnfluencer,374754,2008532,83195,21629,123,24,98626,0.18547989662840314,676.3821138211382,0.001109621341717139
473,2021-03-15,banner_partner,media,39889,8957627,547400,29096,1060,171,781298,0.42728900255754476,516.4150943396227,0.00587709650811108
474,2021-03-16,facebook_tier1,social,349043,3891808,391507,19220,381,63,347199,-0.11317294454505283,1027.5774278215224,0.0032778355879292402
475,2021-03-16,facebook_tier2,social,348934,6308009,746637,31145,1098,92,489524,-0.34436145007547175,679.9972677595629,0.0029539251886338096
476,2021-03-16,google_hot,search,89459845,367801,105560,6979,143,23,186067,0.7626657824933687,738.1818181818181,0.0032956010889812295
477,2021-03-16,google_wide,search,127823,3831255,266939,20075,690,65,191270,-0.283469257021267,386.86811594202896,0.0032378580323785804
478,2021-03-16,youtube_blogger,influencer,10934,4251100,229685,37245,746,125,1070605,3.6611881489866556,307.8887399463807,0.0033561551886159215
479,2021-03-16,instagram_tier1,social,9034945,4231336,143075,22127,411,33,169054,0.1815760964529093,348.1143552311436,0.0014913906087585303
480,2021-03-16,instagram_tier2,social,983498,15601276,101252,40999,796,24,41803,-0.5871390194761585,127.20100502512562,0.0005853801312227127
481,2021-03-16,facebook_retarg,estioncgial,4387490,80685,32589,2339,50,12,62436,0.9158611801528123,651.78,0.005130397605814451
482,2021-03-16,facebook_lal,social,544756,1528705,335102,9341,291,38,26700,-0.9203227673961958,1151.553264604811,0.004068086928594369
483,2021-03-16,instagram_blogg,eirnfluencer,374754,3964017,624754,24417,845,165,966109,0.5463830563709876,739.3538461538461,0.006757586927140926
484,2021-03-16,banner_partner,media,39889,54360153,203566,34407,396,65,254730,0.25133863218808644,514.0555555555555,0.00188915046356846
485,2021-03-17,facebook_tier1,social,349043,4316024,501179,22339,625,87,429347,-0.14332603720427234,801.8864,0.003894534222659922
486,2021-03-17,facebook_tier2,social,348934,7621055,514845,35059,729,76,354256,-0.3119171789567734,706.2345679012345,0.0021677743232836077
487,2021-03-17,google_hot,search,89459845,470646,118339,8306,157,31,218093,0.8429511826194238,753.7515923566879,0.003732241752949675
488,2021-03-17,google_wide,search,127823,4139238,173439,20729,450,44,131004,-0.2446681542213689,385.42,0.0021226301316995514
489,2021-03-17,youtube_blogger,influencer,10934,4053205,360300,40180,710,155,1214420,2.3705800721620873,507.46478873239437,0.0038576406172224987
490,2021-03-17,instagram_tier1,social,9034945,4990905,252707,25011,619,71,476848,0.8869599971508506,408.25040387722134,0.002838750949582184
491,2021-03-17,instagram_tier2,social,983498,34164733,155316,45938,998,47,118659,-0.23601560689175616,155.62725450901803,0.0010231181157211895
492,2021-03-17,facebook_retarg,estioncgial,4387490,86439,32217,2763,56,11,47191,0.4647856721606605,575.3035714285714,0.003981179876945349
493,2021-03-17,facebook_lal,social,544756,1317628,281963,10305,210,32,30748,-0.890950231058685,1342.6809523809525,0.0031052886948083453
494,2021-03-17,instagram_blogg,eirnfluencer,374754,2851334,447245,28115,808,118,594772,0.3298572370848193,553.5210396039604,0.004197047839231726
495,2021-03-17,banner_partner,media,39889,16111645,517689,39478,768,137,591872,0.14329645791198964,674.07421875,0.003470287248594154
496,2021-03-18,facebook_tier1,social,349043,5035477,29799,23390,60,6,26439,-0.1127554615926709,496.65,0.0002565198802907225
497,2021-03-18,facebook_tier2,social,348934,6014507,469871,41066,1668,60,289423,-0.3840373208816888,281.697242206235,0.0014610626795889543
498,2021-03-18,google_hot,search,89459845,525817,118512,9223,154,27,221011,0.8648828810584582,769.5584415584416,0.002927463948823593
499,2021-03-18,google_wide,search,127823,10728276,193125,24662,487,45,89921,-0.534389644012945,396.5605749486653,0.0018246695320736355
500,2021-03-18,youtube_blogger,influencer,10934,4159390,87402,44230,139,32,247814,1.8353355758449463,628.7913669064748,0.0007234908433190143
501,2021-03-18,instagram_tier1,social,9034945,11347360,231115,26739,591,75,441833,0.9117452350561409,391.0575296108291,0.0028048917311791766
502,2021-03-18,instagram_tier2,social,983498,13581253,56684,52888,1069,17,35345,-0.376455437160398,53.025257249766135,0.0003214339736802299
503,2021-03-18,facebook_retarg,estioncgial,4387490,98293,17396,2975,29,6,33165,0.9064727523568636,599.8620689655172,0.0020168067226890756
504,2021-03-18,facebook_lal,social,544756,1188647,164102,11685,122,19,17232,-0.8949921390354779,1345.0983606557377,0.0016260162601626016
505,2021-03-18,instagram_blogg,eirnfluencer,374754,2470145,493131,30963,1032,137,831969,0.687115594030795,477.8401162790698,0.004424635855698737
506,2021-03-18,banner_partner,media,39889,432580149,335714,41458,864,109,504183,0.5018229802748768,388.5578703703704,0.002629166867673308
507,2021-03-19,facebook_tier1,social,349043,14644253,54583,25291,68,10,42978,-0.21261198541670484,802.6911764705883,0.00039539757225890635
508,2021-03-19,facebook_tier2,social,348934,9338336,493931,45367,883,70,371071,-0.24873919636548425,559.3782559456398,0.0015429717636167258
509,2021-03-19,google_hot,search,89459845,395687,10248,9953,14,2,15583,0.5205893832943014,732.0,0.0002009444388626545
510,2021-03-19,google_wide,search,127823,8125761,77991,25951,292,21,70852,-0.09153620289520585,267.0924657534247,0.0008092173711995685
511,2021-03-19,youtube_blogger,influencer,10934,3779234,849757,47341,1742,379,2788827,2.2819111816672297,487.80539609644086,0.008005745548256268
512,2021-03-19,instagram_tier1,social,9034945,5952689,306193,30286,1063,94,548107,0.7900703151280402,288.04609595484476,0.003103744304299016
513,2021-03-19,instagram_tier2,social,983498,11543232,9509,54760,188,3,3558,-0.6258281627931433,50.579787234042556,5.47845142439737e-05
514,2021-03-19,facebook_retarg,estioncgial,4387490,114143,3281,3278,7,1,5132,0.5641572691252666,468.7142857142857,0.0003050640634533252
515,2021-03-19,facebook_lal,social,544756,1363365,454254,12892,256,45,80970,-0.8217517071946532,1774.4296875,0.003490536766987279
516,2021-03-19,instagram_blogg,eirnfluencer,374754,3152395,420159,32376,720,106,543047,0.29247975171304197,583.5541666666667,0.0032740301457870025
517,2021-03-19,banner_partner,media,39889,18117038,483469,45503,892,141,533212,0.10288767221890131,542.0056053811659,0.0030986967892226887
518,2021-03-20,facebook_tier1,social,349043,10001702,58077,27884,88,12,61502,0.058973431823269105,659.9659090909091,0.00043035432506096684
519,2021-03-20,facebook_tier2,social,348934,9263648,536848,48136,1082,81,480781,-0.10443738264834738,496.1626617375231,0.0016827322586006315
520,2021-03-20,google_hot,search,89459845,560020,190080,10627,347,47,356697,0.8765625,547.7809798270894,0.004422696904112167
521,2021-03-20,google_wide,search,127823,5711809,442910,27660,705,98,248271,-0.43945496827797975,628.2411347517731,0.0035430224150397685
522,2021-03-20,youtube_blogger,influencer,10934,5621390,293122,54784,1110,177,1439650,3.911436193803263,264.0738738738739,0.003230870327102804
523,2021-03-20,instagram_tier1,social,9034945,7368300,389585,32071,955,141,883125,1.2668352220953065,407.94240837696333,0.004396495276106139
524,2021-03-20,instagram_tier2,social,983498,12037536,142565,63612,1277,49,70517,-0.5053694805878021,111.64056382145654,0.000770294912909514
525,2021-03-20,facebook_retarg,estioncgial,4387490,106593,76398,3721,114,24,123424,0.6155396738134506,670.1578947368421,0.0064498790647675355
526,2021-03-20,facebook_lal,social,544756,1114888,165064,14519,110,17,17018,-0.8969005961324092,1500.581818181818,0.0011708795371582065
527,2021-03-20,instagram_blogg,eirnfluencer,374754,5582693,504859,37465,807,132,699016,0.38457668378695836,625.5997521685254,0.0035232884025090086
528,2021-03-20,banner_partner,media,39889,26920557,738842,49336,1658,242,1040470,0.4082442524924138,445.6224366706876,0.0049051402626885034
529,2021-03-21,facebook_tier1,social,349043,455368,38887,2419,67,7,31340,-0.19407514079255278,580.4029850746268,0.0028937577511368336
530,2021-03-21,facebook_tier2,social,348934,624335,49160,3867,134,7,35552,-0.27681041497152153,366.86567164179104,0.0018101887768295836
531,2021-03-21,google_hot,search,89459845,47826,9103,900,17,2,15831,0.739097000988685,535.4705882352941,0.0022222222222222222
532,2021-03-21,google_wide,search,127823,494997,18251,2414,50,5,13269,-0.27297134403594325,365.02,0.002071251035625518
533,2021-03-21,youtube_blogger,influencer,10934,738396,29320,4580,89,19,153404,4.232060027285129,329.438202247191,0.004148471615720524
534,2021-03-21,instagram_tier1,social,9034945,554522,28631,2644,57,10,57577,1.0110020607034333,502.29824561403507,0.0037821482602118004
535,2021-03-21,instagram_tier2,social,983498,784635,11969,5331,104,4,7991,-0.3323585930319993,115.08653846153847,0.0007503282686175201
536,2021-03-21,facebook_retarg,estioncgial,4387490,10508,1632,292,3,1,3798,1.3272058823529411,544.0,0.003424657534246575
537,2021-03-21,facebook_lal,social,544756,114759,30568,1183,23,4,3794,-0.8758832766291547,1329.0434782608695,0.0033812341504649195
538,2021-03-21,instagram_blogg,eirnfluencer,374754,299331,67787,3039,89,17,87012,0.2836089515688849,761.6516853932584,0.005593945376768674
539,2021-03-21,banner_partner,media,39889,42091908,25878,4104,67,10,30600,0.1824715974959425,386.23880597014926,0.0024366471734892786
540,2021-03-22,facebook_tier1,social,349043,591178,61006,4806,92,12,68738,0.12674163197062585,663.1086956521739,0.0024968789013732834
541,2021-03-22,facebook_tier2,social,348934,2625616,111338,7942,161,18,84999,-0.23656792829043094,691.5403726708074,0.002266431629312516
542,2021-03-22,google_hot,search,89459845,90429,29922,1880,67,7,60617,1.0258338346367222,446.5970149253731,0.003723404255319149
543,2021-03-22,google_wide,search,127823,994667,12322,4787,41,4,11793,-0.04293134231455933,300.5365853658537,0.0008355964069354502
544,2021-03-22,youtube_blogger,influencer,10934,745818,74878,8646,179,41,357062,3.768583562595155,418.31284916201116,0.004742077261161231
545,2021-03-22,instagram_tier1,social,9034945,4410670,35068,5394,113,9,56046,0.5982091935667845,310.3362831858407,0.0016685205784204673
546,2021-03-22,instagram_tier2,social,983498,2202467,19889,10301,126,7,14236,-0.28422746241641106,157.84920634920636,0.0006795456751771673
547,2021-03-22,facebook_retarg,estioncgial,4387490,18076,5587,588,12,3,12619,1.2586361195632718,465.5833333333333,0.00510204081632653
548,2021-03-22,facebook_lal,social,544756,234021,51558,2496,50,6,6048,-0.8826952170371233,1031.16,0.002403846153846154
549,2021-03-22,instagram_blogg,eirnfluencer,374754,617035,133887,5964,225,36,164231,0.22663888204231927,595.0533333333333,0.006036217303822937
550,2021-03-22,banner_partner,media,39889,100588234,60903,8331,174,20,82524,0.3550071425052953,350.01724137931035,0.0024006721882126997
551,2021-03-23,facebook_tier1,social,349043,918447,9560,1201,28,2,9642,0.008577405857740585,341.42857142857144,0.0016652789342214821
552,2021-03-23,facebook_tier2,social,348934,570144,24183,1981,47,4,15042,-0.37799280486292025,514.531914893617,0.0020191822311963654
553,2021-03-23,google_hot,search,89459845,22678,5604,456,9,2,15378,1.7441113490364026,622.6666666666666,0.0043859649122807015
554,2021-03-23,google_wide,search,127823,235293,12844,1217,24,3,8848,-0.31111803176580505,535.1666666666666,0.0024650780608052587
555,2021-03-23,youtube_blogger,influencer,10934,288901,15772,2186,43,8,64152,3.067461323865077,366.7906976744186,0.0036596523330283625
556,2021-03-23,instagram_tier1,social,9034945,544567,552,1356,1,0,0,-1.0,552.0,0.0
557,2021-03-23,instagram_tier2,social,983498,494320,4153,2587,51,2,2823,-0.3202504213821334,81.43137254901961,0.0007730962504831851
558,2021-03-23,facebook_retarg,estioncgial,4387490,4902,1205,159,3,1,5269,3.3726141078838174,401.6666666666667,0.006289308176100629
559,2021-03-23,facebook_lal,social,544756,58282,16377,638,13,2,2735,-0.8329974964889785,1259.7692307692307,0.003134796238244514
560,2021-03-23,instagram_blogg,eirnfluencer,374754,121647,15387,1491,30,4,18105,0.17664262039383896,512.9,0.0026827632461435278
561,2021-03-23,banner_partner,media,39889,633900,16016,2094,41,6,23366,0.4589160839160839,390.6341463414634,0.0028653295128939827
562,2021-03-24,facebook_tier1,social,349043,471877,98570,2417,89,15,82892,-0.15905447905042103,1107.5280898876404,0.006206040546131568
563,2021-03-24,facebook_tier2,social,348934,472352,56081,4196,83,9,41732,-0.25586205666803374,675.6746987951807,0.0021448999046711154
564,2021-03-24,google_hot,search,89459845,46388,14151,876,17,3,24523,0.7329517348597272,832.4117647058823,0.003424657534246575
565,2021-03-24,google_wide,search,127823,297088,22759,2439,54,5,18705,-0.178127334241399,421.462962962963,0.002050020500205002
566,2021-03-24,youtube_blogger,influencer,10934,399357,22946,4701,67,13,116304,4.068595833696505,342.4776119402985,0.002765369070410551
567,2021-03-24,instagram_tier1,social,9034945,869138,24824,2569,42,7,34942,0.4075894295842733,591.047619047619,0.0027247956403269754
568,2021-03-24,instagram_tier2,social,983498,643554,19536,5351,120,6,10097,-0.48315929565929566,162.8,0.0011212857409829938
569,2021-03-24,facebook_retarg,estioncgial,4387490,9346,2837,283,6,1,4922,0.7349312654212196,472.8333333333333,0.0035335689045936395
570,2021-03-24,facebook_lal,social,544756,153698,50622,1240,38,6,8084,-0.840306586069298,1332.157894736842,0.004838709677419355
571,2021-03-24,instagram_blogg,eirnfluencer,374754,344983,41897,2973,60,9,45723,0.09131918753132683,698.2833333333333,0.0030272452068617556
572,2021-03-24,banner_partner,media,39889,2724945,34881,4138,86,16,66855,0.9166594994409564,405.59302325581393,0.0038666022232962784
573,2021-03-25,facebook_tier1,social,349043,95383,11185,489,15,2,9963,-0.10925346446133215,745.6666666666666,0.00408997955010225
574,2021-03-25,facebook_tier2,social,348934,156917,12189,814,16,2,12289,0.00820411846747067,761.8125,0.002457002457002457
575,2021-03-25,google_hot,search,89459845,8622,1074,168,1,0,0,-1.0,1074.0,0.0
576,2021-03-25,google_wide,search,127823,60788,9603,477,20,2,5896,-0.38602520045819017,480.15,0.0041928721174004195
577,2021-03-25,youtube_blogger,influencer,10934,95414,9140,919,21,5,37339,3.0852297592997813,435.23809523809524,0.00544069640914037
578,2021-03-25,instagram_tier1,social,9034945,102786,2190,522,6,1,6203,1.8324200913242008,365.0,0.0019157088122605363
579,2021-03-25,instagram_tier2,social,983498,115861,2027,986,19,1,2049,0.010853478046373951,106.6842105263158,0.0010141987829614604
580,2021-03-25,facebook_retarg,estioncgial,4387490,2142,1505,66,3,1,4362,1.8983388704318938,501.6666666666667,0.015151515151515152
581,2021-03-25,facebook_lal,social,544756,23822,5584,252,5,1,992,-0.8223495702005731,1116.8,0.003968253968253968
582,2021-03-25,instagram_blogg,eirnfluencer,374754,48741,5966,616,12,2,10353,0.7353335568219913,497.1666666666667,0.003246753246753247
583,2021-03-25,banner_partner,media,39889,2890016,7839,861,18,3,11662,0.48768975634647277,435.5,0.003484320557491289
584,2021-03-26,facebook_tier1,social,349043,170717,19455,1219,41,4,22824,0.17316885119506553,474.5121951219512,0.003281378178835111
585,2021-03-26,facebook_tier2,social,348934,522648,22030,2042,41,4,18729,-0.1498411257376305,537.3170731707318,0.0019588638589618022
586,2021-03-26,google_hot,search,89459845,21611,1579,463,2,0,0,-1.0,789.5,0.0
587,2021-03-26,google_wide,search,127823,249159,4636,1153,11,1,2311,-0.5015099223468508,421.45454545454544,0.0008673026886383347
588,2021-03-26,youtube_blogger,influencer,10934,199058,38691,2210,83,16,129067,2.335840376314905,466.1566265060241,0.007239819004524887
589,2021-03-26,instagram_tier1,social,9034945,178923,12924,1283,28,4,25503,0.97330547818013,461.57142857142856,0.003117692907248636
590,2021-03-26,instagram_tier2,social,983498,504082,2288,2493,73,1,1973,-0.13767482517482518,31.34246575342466,0.00040112314480545525
591,2021-03-26,facebook_retarg,estioncgial,4387490,4910,1056,142,3,1,4788,3.534090909090909,352.0,0.007042253521126761
592,2021-03-26,facebook_lal,social,544756,56931,306,580,0,0,0,-1.0,inf,0.0
593,2021-03-26,instagram_blogg,eirnfluencer,374754,194990,15842,1443,33,5,23960,0.5124352985734124,480.06060606060606,0.003465003465003465
594,2021-03-26,banner_partner,media,39889,20166452,7756,2190,21,3,11978,0.5443527591542032,369.3333333333333,0.0013698630136986301
595,2021-03-27,facebook_tier1,social,349043,222451,5091,235,9,1,4354,-0.14476527204871342,565.6666666666666,0.00425531914893617
596,2021-03-27,facebook_tier2,social,348934,78106,3970,420,16,0,0,-1.0,248.125,0.0
597,2021-03-27,google_hot,search,89459845,4826,1749,82,2,0,0,-1.0,874.5,0.0
598,2021-03-27,google_wide,search,127823,38456,1473,234,5,0,0,-1.0,294.6,0.0
599,2021-03-27,youtube_blogger,influencer,10934,43904,5948,438,15,3,24175,3.0643913920645596,396.53333333333336,0.00684931506849315
600,2021-03-27,instagram_tier1,social,9034945,44057,1838,276,6,1,5983,2.2551686615886832,306.3333333333333,0.0036231884057971015
601,2021-03-27,instagram_tier2,social,983498,79707,248,507,3,0,0,-1.0,82.66666666666667,0.0
602,2021-03-27,facebook_retarg,estioncgial,4387490,688,205,20,0,0,0,-1.0,inf,0.0
603,2021-03-27,facebook_lal,social,544756,13956,3193,118,2,0,0,-1.0,1596.5,0.0
604,2021-03-27,instagram_blogg,eirnfluencer,374754,23330,3610,286,6,1,4671,0.29390581717451525,601.6666666666666,0.0034965034965034965
605,2021-03-27,banner_partner,media,39889,187992,2757,419,9,1,3938,0.4283641639463185,306.3333333333333,0.002386634844868735
606,2021-03-28,facebook_tier1,social,349043,97194,6301,473,11,1,4968,-0.21155372163148706,572.8181818181819,0.0021141649048625794
607,2021-03-28,facebook_tier2,social,348934,162022,10889,838,17,1,6923,-0.36422077325741575,640.5294117647059,0.0011933174224343676
608,2021-03-28,google_hot,search,89459845,11743,3651,194,5,1,9029,1.473021090112298,730.2,0.005154639175257732
609,2021-03-28,google_wide,search,127823,56306,398,484,1,0,0,-1.0,398.0,0.0
610,2021-03-28,youtube_blogger,influencer,10934,124519,10178,911,20,5,37479,2.6823540970721163,508.9,0.005488474204171241
611,2021-03-28,instagram_tier1,social,9034945,62457,4917,533,12,1,6170,0.25483018100467764,409.75,0.001876172607879925
612,2021-03-28,instagram_tier2,social,983498,768765,781,1010,4,0,0,-1.0,195.25,0.0
613,2021-03-28,facebook_retarg,estioncgial,4387490,1870,215,60,0,0,0,-1.0,inf,0.0
614,2021-03-28,facebook_lal,social,544756,26947,7126,255,5,1,1501,-0.789362896435588,1425.2,0.00392156862745098
615,2021-03-28,instagram_blogg,eirnfluencer,374754,95898,4869,609,12,1,5117,0.05093448346683097,405.75,0.0016420361247947454
616,2021-03-28,banner_partner,media,39889,8381812,6877,828,19,2,7282,0.058891958702922784,361.94736842105266,0.0024154589371980675
