id,date,campaign_name,category,campaign_id,impressions,mark_spent,clicks,leads,orders,revenue,ROI,cost_per_lead,conversion_rate,roas,engagement_rate
1,2021-02-01,facebook_tier1,social,349043,148263,7307,1210,13,1,4981,0.0,562.0769230769231,1.0743801652892562,0.6816751060626797,0.8161173050592527
2,2021-02-01,facebook_tier2,social,348934,220688,16300,1640,48,3,14962,0.0,339.5833333333333,2.9268292682926833,0.9179141104294478,0.7431305734793011
3,2021-02-01,google_hot,search,89459845,22850,5222,457,9,1,7981,0.5283416315587898,580.2222222222222,1.9693654266958425,1.5283416315587897,2.0
4,2021-02-01,google_wide,search,127823,147038,6037,1196,24,1,2114,0.0,251.54166666666663,2.0066889632107023,0.35017392744740766,0.8133951767570288
5,2021-02-01,youtube_blogger,influencer,10934,225800,29962,2258,49,10,84490,1.819905213270142,611.469387755102,2.170062001771479,2.8199052132701423,1.0
6,2021-02-01,instagram_tier1,social,9034945,444857,9540,1342,27,3,17943,0.880817610062893,353.3333333333333,2.011922503725782,1.880817610062893,0.30166997484584934
7,2021-02-01,instagram_tier2,social,983498,511200,3649,2556,94,1,1981,0.0,38.819148936170215,3.6776212832550863,0.5428884625924911,0.5
8,2021-02-01,facebook_retarg,estioncgial,4387490,5544,1294,148,3,1,4981,2.849304482225657,431.3333333333333,2.027027027027027,3.849304482225657,2.6695526695526697
9,2021-02-01,facebook_lal,social,544756,56916,16998,596,14,2,4162,0.0,1214.142857142857,2.348993288590604,0.24485233556889047,1.0471572141401364
10,2021-02-01,instagram_blogg,eirnfluencer,374754,120436,23604,1498,49,7,39081,0.655693950177936,481.7142857142857,3.2710280373831773,1.655693950177936,1.2438141419509117
11,2021-02-01,banner_partner,media,39889,20900000,932,2090,3,0,0,0.0,310.6666666666667,0.14354066985645933,0.0,0.01
12,2021-02-02,facebook_tier1,social,349043,478200,18385,2391,48,4,17812,0.0,383.0208333333333,2.0075282308657463,0.968833288006527,0.5
13,2021-02-02,facebook_tier2,social,348934,957806,2198,3294,10,0,0,0.0,219.8,0.3035822707953855,0.0,0.34391097988527947
14,2021-02-02,google_hot,search,89459845,43806,11447,907,18,3,23943,1.0916397309338692,635.9444444444445,1.9845644983461963,2.0916397309338692,2.0704926265808337
15,2021-02-02,google_wide,search,127823,314704,15154,2395,39,4,12540,0.0,388.56410256410254,1.62839248434238,0.8275042892965554,0.7610325893538055
16,2021-02-02,youtube_blogger,influencer,10934,449200,42301,4492,85,17,149141,2.5257086120895487,497.6588235294118,1.8922528940338381,3.5257086120895487,1.0
17,2021-02-02,instagram_tier1,social,9034945,540200,29081,2701,54,9,45585,0.5675183109246588,538.5370370370371,1.9992595335061087,1.5675183109246587,0.5
18,2021-02-02,instagram_tier2,social,983498,1020800,1421,5104,14,0,0,0.0,101.5,0.274294670846395,0.0,0.5
19,2021-02-02,facebook_retarg,estioncgial,4387490,10033,170,301,0,0,0,0.0,0.0,0.0,0.0,3.000099671085418
20,2021-02-02,facebook_lal,social,544756,107553,8829,1196,7,1,1129,0.0,1261.2857142857142,0.5852842809364548,0.12787405142145203,1.1120098927970397
21,2021-02-02,instagram_blogg,eirnfluencer,374754,299600,13919,2996,19,3,14466,0.0392988002011638,732.578947368421,0.6341789052069425,1.0392988002011638,1.0
22,2021-02-02,banner_partner,media,39889,42000000,46160,4200,92,13,51753,0.1211655112651646,501.7391304347826,2.1904761904761907,1.1211655112651646,0.01
23,2021-02-03,facebook_tier1,social,349043,2313889,65284,7197,115,13,72527,0.1109460204644323,567.6869565217391,1.597888008892594,1.1109460204644324,0.31103479898992564
24,2021-02-03,facebook_tier2,social,348934,1105666,78958,9898,226,12,59772,0.0,349.37168141592923,2.2832895534451407,0.7570100559791282,0.8952070516774504
25,2021-02-03,google_hot,search,89459845,134900,77346,2698,84,16,115856,0.497892586559098,920.7857142857144,3.1134173461823575,1.4978925865590982,2.0
26,2021-02-03,google_wide,search,127823,4371854,49499,7207,144,13,38753,0.0,343.74305555555554,1.9980574441515193,0.7829047051455585,0.16484996982973357
27,2021-02-03,youtube_blogger,influencer,10934,1035261,189341,13503,455,91,772499,3.079935143471303,416.1340659340659,3.3696215655780195,4.079935143471303,1.3043087685134473
28,2021-02-03,instagram_tier1,social,9034945,1618600,62510,8093,166,15,84600,0.3533834586466165,376.56626506024094,2.051155319411837,1.3533834586466165,0.5
29,2021-02-03,instagram_tier2,social,983498,3059600,94400,15298,592,36,104184,0.1036440677966101,159.45945945945945,3.869786900248399,1.1036440677966102,0.5
30,2021-02-03,facebook_retarg,estioncgial,4387490,29867,5040,896,18,4,23560,3.6746031746031744,280.0,2.0089285714285716,4.674603174603175,2.9999665182308233
31,2021-02-03,facebook_lal,social,544756,295009,76716,3595,72,9,5607,0.0,1065.5,2.0027816411682893,0.07308775222900046,1.2186068899592895
32,2021-02-03,instagram_blogg,eirnfluencer,374754,667352,194336,8996,342,51,254031,0.3071741725671003,568.233918128655,3.8016896398399287,1.3071741725671002,1.3480142413598821
33,2021-02-03,banner_partner,media,39889,125910000,29378,12591,68,13,51753,0.7616243447477704,432.02941176470586,0.5400683027559368,1.7616243447477704,0.01
34,2021-02-04,facebook_tier1,social,349043,2475754,173914,9601,192,31,154411,0.0,905.8020833333334,1.9997916883657954,0.8878583667789827,0.3878010497004145
35,2021-02-04,facebook_tier2,social,348934,4597702,115389,13206,143,17,82909,0.0,806.916083916084,1.0828411328184158,0.7185173630068724,0.2872304468623673
36,2021-02-04,google_hot,search,89459845,196484,41270,3599,55,9,68589,0.6619578386236976,750.3636363636364,1.5282022784106695,1.6619578386236975,1.8317013090124388
37,2021-02-04,google_wide,search,127823,1531679,60109,9591,234,17,58990,0.0,256.8760683760684,2.439787300594307,0.9813838193947662,0.6261755890104911
38,2021-02-04,youtube_blogger,influencer,10934,2120555,185263,17993,445,89,624958,2.373355715928167,416.3213483146067,2.4731840160062246,3.373355715928167,0.848504283076836
39,2021-02-04,instagram_tier1,social,9034945,1322751,104028,10794,238,27,179037,0.7210462567770216,437.0924369747899,2.204928664072633,1.7210462567770215,0.8160265991104901
40,2021-02-04,instagram_tier2,social,983498,3008227,40119,20392,408,12,23772,0.0,98.33088235294116,2.000784621420165,0.5925372018245719,0.6778743758366639
41,2021-02-04,facebook_retarg,estioncgial,4387490,43160,886,1194,4,1,5287,4.967268623024831,221.5,0.33500837520938026,5.967268623024831,2.766450417052827
42,2021-02-04,facebook_lal,social,544756,432611,120335,4807,71,13,6864,0.0,1694.8591549295777,1.477012689827335,0.05704076120829352,1.1111599104044974
43,2021-02-04,instagram_blogg,eirnfluencer,374754,1199300,149279,11993,267,38,224542,0.5041767428774309,559.0973782771536,2.226298674226632,1.5041767428774309,1.0
44,2021-02-04,banner_partner,media,39889,41924802,177746,16806,336,60,204540,0.1507431953461681,529.0059523809524,1.9992859692966798,1.1507431953461682,0.04008605693593973
45,2021-02-05,facebook_tier1,social,349043,3462883,90692,11997,143,17,84677,0.0,634.2097902097902,1.1919646578311245,0.933676619768006,0.3464454328950762
46,2021-02-05,facebook_tier2,social,348934,3299600,261047,16498,330,42,209202,0.0,791.0515151515151,2.000242453630743,0.8013959172103108,0.5
47,2021-02-05,google_hot,search,89459845,236719,96931,4504,151,23,177882,0.835140460740114,641.9271523178808,3.352575488454707,1.835140460740114,1.902677858558037
48,2021-02-05,google_wide,search,127823,9914040,56875,11993,139,14,49644,0.0,409.1726618705036,1.1590094221629283,0.8728615384615385,0.12096985688982494
49,2021-02-05,youtube_blogger,influencer,10934,1965108,442617,22507,731,146,1165230,1.6325920604043676,605.4952120383037,3.2478784378193453,2.6325920604043676,1.1453314525206757
50,2021-02-05,instagram_tier1,social,9034945,7485780,258306,13498,526,76,454556,0.7597578066324437,491.0760456273764,3.8968736109053195,1.7597578066324437,0.1803152109733388
51,2021-02-05,instagram_tier2,social,983498,5100600,13589,25503,765,4,7924,0.0,17.76339869281046,2.9996471003411362,0.5831186989476783,0.5
52,2021-02-05,facebook_retarg,estioncgial,4387490,48954,6791,1505,30,5,27060,2.9846856133117363,226.36666666666667,1.9933554817275747,3.9846856133117363,3.074314662744617
53,2021-02-05,facebook_lal,social,544756,600400,192789,6004,120,21,9492,0.0,1606.575,1.9986675549633577,0.04923517420599723,1.0
54,2021-02-05,instagram_blogg,eirnfluencer,374754,2153303,36432,15003,51,8,47816,0.3124725516029863,714.3529411764706,0.33993201359728054,1.3124725516029865,0.6967435609387067
55,2021-02-05,banner_partner,media,39889,8238872,427922,20997,796,119,471240,0.1012287286000719,537.5904522613065,3.791017764442539,1.101228728600072,0.254852848788038
56,2021-02-06,facebook_tier1,social,349043,310024,40408,2391,76,9,46152,0.1421500692932092,531.6842105263158,3.178586365537432,1.1421500692932092,0.7712306144040462
57,2021-02-06,facebook_tier2,social,348934,448321,62273,3302,108,9,44829,0.0,576.6018518518518,3.2707450030284675,0.7198785990718288,0.7365258375137457
58,2021-02-06,google_hot,search,89459845,44950,6769,899,13,1,8136,0.2019500664795391,520.6923076923077,1.4460511679644048,1.201950066479539,2.0
59,2021-02-06,google_wide,search,127823,478400,22542,2392,48,6,13152,0.0,469.625,2.0066889632107023,0.5834442374234762,0.5
60,2021-02-06,youtube_blogger,influencer,10934,472252,80971,4508,133,27,215487,1.6612861394820368,608.8045112781955,2.950310559006211,2.6612861394820366,0.9545750997348872
61,2021-02-06,instagram_tier1,social,9034945,425467,3662,2695,14,1,5958,0.6269797924631348,261.57142857142856,0.5194805194805194,1.6269797924631348,0.633421628469423
62,2021-02-06,instagram_tier2,social,983498,1589341,12183,5092,102,5,12295,0.0091931379791512,119.44117647058825,2.0031421838177534,1.0091931379791512,0.32038436056201913
63,2021-02-06,facebook_retarg,estioncgial,4387490,10200,1420,306,6,1,5492,2.867605633802817,236.66666666666663,1.9607843137254901,3.867605633802817,3.0
64,2021-02-06,facebook_lal,social,544756,119700,29281,1197,24,4,6428,0.0,1220.0416666666667,2.0050125313283207,0.21952802158396229,1.0
65,2021-02-06,instagram_blogg,eirnfluencer,374754,300700,8289,3007,20,2,9450,0.1400651465798045,414.45,0.6651147322913202,1.1400651465798046,1.0
66,2021-02-06,banner_partner,media,39889,42070000,38185,4207,84,10,48820,0.2785125049103051,454.5833333333333,1.9966722129783694,1.278512504910305,0.01
67,2021-02-07,facebook_tier1,social,349043,478000,27314,2390,45,5,24905,0.0,606.9777777777778,1.882845188284519,0.9118034707476019,0.5
68,2021-02-07,facebook_tier2,social,348934,659000,38486,3295,66,5,23735,0.0,583.1212121212121,2.0030349013657056,0.6167177674998701,0.5
69,2021-02-07,google_hot,search,89459845,44650,6426,893,18,2,14152,1.202303143479614,357.0,2.015677491601344,2.202303143479614,2.0
70,2021-02-07,google_wide,search,127823,1137473,18102,2404,48,5,17845,0.0,377.125,1.9966722129783694,0.9858026737377086,0.21134567589736197
71,2021-02-07,youtube_blogger,influencer,10934,694624,31680,4505,82,15,119715,2.778882575757576,386.3414634146341,1.8201997780244172,3.7788825757575757,0.6485523103146451
72,2021-02-07,instagram_tier1,social,9034945,1246126,37966,2696,100,11,65791,0.7328925881051467,379.66,3.7091988130563793,1.7328925881051467,0.21635051351147475
73,2021-02-07,instagram_tier2,social,983498,567096,6748,5103,199,2,3962,0.0,33.90954773869347,3.8996668626298256,0.5871369294605809,0.8998476448432012
74,2021-02-07,facebook_retarg,estioncgial,4387490,9938,3435,294,6,1,4981,0.4500727802037845,572.5,2.0408163265306123,1.4500727802037845,2.958341718655665
75,2021-02-07,facebook_lal,social,544756,174221,10105,1197,6,1,981,0.0,1684.1666666666667,0.5012531328320802,0.09708065314200891,0.6870583913535108
76,2021-02-07,instagram_blogg,eirnfluencer,374754,300700,46168,3007,93,12,68076,0.4745278114711488,496.4301075268817,3.0927835051546393,1.4745278114711489,1.0
77,2021-02-07,banner_partner,media,39889,3957603,79988,4203,142,27,90504,0.1314697204580687,563.2957746478874,3.378539138710445,1.1314697204580688,0.10620064720993996
78,2021-02-08,facebook_tier1,social,349043,479000,27210,2395,36,5,22345,0.0,755.8333333333334,1.5031315240083507,0.8212054391767732,0.5
79,2021-02-08,facebook_tier2,social,348934,472656,33753,3290,66,5,28670,0.0,511.4090909090909,2.0060790273556233,0.8494059787278168,0.6960664838698757
80,2021-02-08,google_hot,search,89459845,51350,6919,904,20,2,16240,1.3471599942188175,345.95,2.2123893805309733,2.347159994218818,1.7604673807205453
81,2021-02-08,google_wide,search,127823,478000,16568,2390,48,5,16995,0.0257725736359246,345.1666666666667,2.00836820083682,1.0257725736359247,0.5
82,2021-02-08,youtube_blogger,influencer,10934,685530,33893,4491,79,16,120176,2.54574690939132,429.0253164556962,1.7590737029614785,3.54574690939132,0.6551135617697256
83,2021-02-08,instagram_tier1,social,9034945,472836,331,2690,1,0,0,0.0,331.0,0.03717472118959108,0.0,0.5689076127875203
84,2021-02-08,instagram_tier2,social,983498,1020000,2057,5100,102,1,1981,0.0,20.166666666666668,2.0,0.9630529897909577,0.5
85,2021-02-08,facebook_retarg,estioncgial,4387490,10067,4336,302,10,2,10036,1.3145756457564577,433.6,3.3112582781456954,2.3145756457564577,2.999900665540876
86,2021-02-08,facebook_lal,social,544756,120200,40099,1202,24,5,4905,0.0,1670.7916666666667,1.9966722129783694,0.12232225242524751,1.0
87,2021-02-08,instagram_blogg,eirnfluencer,374754,361650,31154,2991,60,9,45027,0.4453039738075368,519.2333333333333,2.0060180541624875,1.4453039738075368,0.8270427208627127
88,2021-02-08,banner_partner,media,39889,2233790,31884,4197,84,10,42280,0.3260569564671935,379.57142857142856,2.0014295925661187,1.3260569564671936,0.18788695445856593
89,2021-02-09,facebook_tier1,social,349043,478600,49037,2393,68,9,42813,0.0,721.1323529411765,2.841621395737568,0.8730754328364296,0.5
90,2021-02-09,facebook_tier2,social,348934,555116,62119,3303,96,11,54791,0.0,647.0729166666666,2.9064486830154403,0.88203287239009,0.5950107725232203
91,2021-02-09,google_hot,search,89459845,44900,3095,898,5,1,7998,1.5841680129240712,619.0,0.5567928730512249,2.584168012924071,2.0
92,2021-02-09,google_wide,search,127823,478600,20299,2393,48,5,14905,0.0,422.8958333333333,2.0058503969912245,0.7342726242672053,0.5
93,2021-02-09,youtube_blogger,influencer,10934,491821,27833,4495,90,18,143658,4.161427082959078,309.2555555555556,2.0022246941045605,5.161427082959078,0.9139504006538965
94,2021-02-09,instagram_tier1,social,9034945,759532,10317,2701,19,3,19800,0.9191625472521082,543.0,0.7034431691965939,1.919162547252108,0.35561372002759595
95,2021-02-09,instagram_tier2,social,983498,1022000,7398,5110,102,3,5943,0.0,72.52941176470588,1.9960861056751469,0.8033252230332523,0.5
96,2021-02-09,facebook_retarg,estioncgial,4387490,9721,2152,290,6,1,4353,1.0227695167286246,358.6666666666667,2.0689655172413794,2.0227695167286246,2.9832321777594895
97,2021-02-09,facebook_lal,social,544756,189854,29091,1198,24,3,2943,0.0,1212.125,2.003338898163606,0.10116530885840981,0.6310111980785236
98,2021-02-09,instagram_blogg,eirnfluencer,374754,346068,57642,3006,99,15,89460,0.5519933381909025,582.2424242424242,3.293413173652695,1.5519933381909026,0.8686154166233226
99,2021-02-09,banner_partner,media,39889,3736884,44732,4190,84,13,51259,0.1459134400429222,532.5238095238095,2.0047732696897373,1.1459134400429223,0.1121255034943552
100,2021-02-10,facebook_tier1,social,349043,961800,43386,4809,96,8,42400,0.0,451.9375,1.9962570180910792,0.9772737749504449,0.5
101,2021-02-10,facebook_tier2,social,348934,852250,43866,6596,132,7,34867,0.0,332.3181818181818,2.0012128562765312,0.7948525053572243,0.7739513053681432
102,2021-02-10,google_hot,search,89459845,108748,51883,1797,57,11,86724,0.6715301736599657,910.2280701754386,3.1719532554257093,1.6715301736599657,1.6524441828815244
103,2021-02-10,google_wide,search,127823,797238,67578,4797,154,19,42598,0.0,438.8181818181818,3.2103397957056496,0.6303530734854539,0.6017023774581743
104,2021-02-10,youtube_blogger,influencer,10934,1469962,19831,8998,80,16,130768,5.594120316675912,247.8875,0.8890864636585907,6.5941203166759115,0.6121246671682669
105,2021-02-10,instagram_tier1,social,9034945,3858193,38890,5406,186,14,83734,1.1530984829004889,209.08602150537635,3.4406215316315207,2.1530984829004884,0.14011740729403638
106,2021-02-10,instagram_tier2,social,983498,2040000,14148,10200,395,4,7924,0.0,35.81772151898734,3.872549019607843,0.5600791631325982,0.5
107,2021-02-10,facebook_retarg,estioncgial,4387490,18399,12713,599,22,5,27065,1.1289231495319751,577.8636363636364,3.672787979966611,2.128923149531975,3.2556117180281534
108,2021-02-10,facebook_lal,social,544756,321713,131236,2396,88,15,14715,0.0,1491.3181818181818,3.672787979966611,0.11212624584717608,0.7447631895509351
109,2021-02-10,instagram_blogg,eirnfluencer,374754,489728,126901,6005,187,34,143888,0.1338602532682957,678.6149732620321,3.1140716069941714,1.1338602532682958,1.2261908651332984
110,2021-02-10,banner_partner,media,39889,5219501,179519,8391,302,60,196680,0.0955943382037556,594.433774834437,3.599094267667739,1.0955943382037556,0.16076249434572384
111,2021-02-11,facebook_tier1,social,349043,1061233,105681,7206,144,23,105225,0.0,733.8958333333334,1.9983347210657785,0.9956851278848611,0.679021477846995
112,2021-02-11,facebook_tier2,social,348934,4564542,188516,9895,304,28,131068,0.0,620.1184210526316,3.0722587165234967,0.695261940631034,0.21677969005433623
113,2021-02-11,google_hot,search,89459845,134600,26220,2692,54,6,48990,0.868421052631579,485.55555555555554,2.0059435364041605,1.868421052631579,2.0
114,2021-02-11,google_wide,search,127823,1254537,51423,7198,144,14,41986,0.0,357.1041666666667,2.0005557099194218,0.8164828967582599,0.5737574898149675
115,2021-02-11,youtube_blogger,influencer,10934,1210466,197161,13506,474,95,831820,3.2189885423587827,415.95147679324896,3.509551310528654,4.218988542358783,1.1157686378634344
116,2021-02-11,instagram_tier1,social,9034945,2224531,349,8106,1,0,0,0.0,349.0,0.012336540833950159,0.0,0.3643914155388259
117,2021-02-11,instagram_tier2,social,983498,3058200,4139,15291,114,1,2771,0.0,36.30701754385965,0.7455365901510693,0.6694853829427397,0.5
118,2021-02-11,facebook_retarg,estioncgial,4387490,26774,17711,893,27,6,29886,0.6874258935125064,655.9629629629629,3.0235162374020157,1.6874258935125064,3.335325315604691
119,2021-02-11,facebook_lal,social,544756,359500,6171,3595,5,1,677,0.0,1234.2,0.13908205841446453,0.10970669259439313,1.0
120,2021-02-11,instagram_blogg,eirnfluencer,374754,900400,128751,9004,227,29,143869,0.1174204472198274,567.1850220264317,2.521101732563305,1.1174204472198275,1.0
121,2021-02-11,banner_partner,media,39889,5125187,193124,12602,482,57,226917,0.1749808413247447,400.6721991701245,3.824789715918108,1.1749808413247447,0.2458837111699534
122,2021-02-12,facebook_tier1,social,349043,1804868,110004,9607,192,23,96163,0.0,572.9375,1.9985427292599147,0.8741773026435402,0.5322826932495894
123,2021-02-12,facebook_tier2,social,348934,2639200,191722,13196,325,32,176512,0.0,589.9138461538462,2.4628675356168537,0.9206663815315926,0.5
124,2021-02-12,google_hot,search,89459845,161493,59745,3602,72,14,122710,1.0538957234915056,829.7916666666666,1.9988895058300944,2.0538957234915056,2.2304372325735478
125,2021-02-12,google_wide,search,127823,1502383,86733,9605,192,19,56639,0.0,451.734375,1.9989588755856325,0.6530271061764265,0.6393176706605439
126,2021-02-12,youtube_blogger,influencer,10934,1299708,121652,17994,378,61,486841,3.001915299378555,321.83068783068785,2.100700233411137,4.001915299378555,1.384464818251484
127,2021-02-12,instagram_tier1,social,9034945,3735390,26660,10806,115,9,53523,1.0076144036009005,231.82608695652172,1.0642235794928743,2.0076144036009,0.2892870623950913
128,2021-02-12,instagram_tier2,social,983498,7156880,49060,20391,408,15,29715,0.0,120.24509803921568,2.000882742386347,0.6056869139828781,0.2849146555482277
129,2021-02-12,facebook_retarg,estioncgial,4387490,42587,11278,1207,34,8,39848,2.533250576343323,331.7058823529412,2.8169014084507045,3.533250576343323,2.834198229506657
130,2021-02-12,facebook_lal,social,544756,480000,44581,4800,33,5,6945,0.0,1350.939393939394,0.6875,0.1557838541082524,1.0
131,2021-02-12,instagram_blogg,eirnfluencer,374754,1200300,308572,12003,412,79,393499,0.2752258792113348,748.9611650485436,3.432475214529701,1.275225879211335,1.0
132,2021-02-12,banner_partner,media,39889,10819771,145201,16808,336,49,195069,0.3434411608735477,432.1458333333333,1.9990480723465014,1.3434411608735477,0.15534524714062803
133,2021-02-13,facebook_tier1,social,349043,1496322,308692,11990,397,60,341880,0.1075116945045547,777.5617128463476,3.311092577147623,1.1075116945045547,0.8012981163145366
134,2021-02-13,facebook_tier2,social,348934,2358224,325444,16506,655,52,262184,0.0,496.8610687022901,3.968253968253968,0.805619399958211,0.6999335092849535
135,2021-02-13,google_hot,search,89459845,225350,61588,4507,100,17,152660,1.4787296226537636,615.88,2.2187708009762592,2.4787296226537636,2.0
136,2021-02-13,google_wide,search,127823,3452027,216562,12010,378,56,123088,0.0,572.9153439153439,3.1473771856786015,0.5683730294326798,0.34791153139879843
137,2021-02-13,youtube_blogger,influencer,10934,2250900,205045,22509,790,158,1296550,5.3232461167060885,259.5506329113924,3.509707228219823,6.3232461167060885,1.0
138,2021-02-13,instagram_tier1,social,9034945,2698200,88845,13491,219,26,176384,0.9853002419944848,405.6849315068493,1.623304425172337,1.9853002419944847,0.5
139,2021-02-13,instagram_tier2,social,983498,5100600,16657,25503,510,6,10134,0.0,32.66078431372549,1.9997647335607578,0.6083928678633608,0.5
140,2021-02-13,facebook_retarg,estioncgial,4387490,50333,8367,1510,19,4,18828,1.2502689135891,440.3684210526316,1.2582781456953642,2.2502689135891,3.000019867681243
141,2021-02-13,facebook_lal,social,544756,495013,171332,6006,128,19,24035,0.0,1338.53125,2.131202131202131,0.14028319286531413,1.213301468850313
142,2021-02-13,instagram_blogg,eirnfluencer,374754,1499200,32770,14992,50,8,43976,0.3419591089411046,655.4,0.33351120597652084,1.3419591089411047,1.0
143,2021-02-13,banner_partner,media,39889,17890507,390105,20993,734,118,353174,0.0,531.4782016348773,3.4964035630924597,0.9053306161161738,0.11734155996808811
144,2021-02-14,facebook_tier1,social,349043,2452315,60245,14406,110,14,63560,0.0550253133040086,547.6818181818181,0.7635707344162155,1.0550253133040086,0.5874449244897169
145,2021-02-14,facebook_tier2,social,348934,7936534,197948,19797,396,30,149430,0.0,499.8686868686869,2.00030307622367,0.7548952250085881,0.24944138083450532
146,2021-02-14,google_hot,search,89459845,263754,56440,5409,90,11,84183,0.4915485471296952,627.1111111111111,1.6638935108153077,1.4915485471296952,2.050774585409131
147,2021-02-14,google_wide,search,127823,3111389,196998,14390,498,48,101280,0.0,395.578313253012,3.4607366226546215,0.5141168945877623,0.46249440362487626
148,2021-02-14,youtube_blogger,influencer,10934,2511956,231751,26993,540,85,733550,2.165250635380214,429.1685185185185,2.0005186529841072,3.165250635380214,1.0745809241881625
149,2021-02-14,instagram_tier1,social,9034945,3239400,312844,16197,604,72,377352,0.2061986165628875,517.9536423841059,3.7290856331419397,1.2061986165628875,0.5
150,2021-02-14,instagram_tier2,social,983498,5130500,218228,30602,935,54,119718,0.0,233.39893048128343,3.0553558590941767,0.5485913814909178,0.5964720787447617
151,2021-02-14,facebook_retarg,estioncgial,4387490,55495,4764,1790,10,2,10902,1.288413098236776,476.4,0.5586592178770949,2.288413098236776,3.2255158122353365
152,2021-02-14,facebook_lal,social,544756,605220,170719,7205,142,21,14280,0.0,1202.2464788732395,1.970853573907009,0.08364622566908195,1.1904761904761905
153,2021-02-14,instagram_blogg,eirnfluencer,374754,2429465,205870,17998,354,53,306817,0.4903434206052363,581.5536723163842,1.9668852094677187,1.4903434206052364,0.7408215388984818
154,2021-02-14,banner_partner,media,39889,7218480,225274,25190,504,76,236056,0.0478617150669851,446.97222222222223,2.0007939658594682,1.047861715066985,0.34896543316598505
155,2021-02-15,facebook_tier1,social,349043,3361800,168064,16809,247,30,149430,0.0,680.421052631579,1.4694508894044858,0.8891255712109672,0.5
156,2021-02-15,facebook_tier2,social,348934,3441545,593576,23103,694,81,403461,0.0,855.2968299711815,3.0039388823962256,0.6797124546814561,0.6712973388405499
157,2021-02-15,google_hot,search,89459845,315350,82931,6307,126,19,138073,0.6649142057855325,658.1825396825396,1.9977802441731412,1.6649142057855326,2.0
158,2021-02-15,google_wide,search,127823,3359600,124854,16798,336,31,92411,0.0,371.5892857142857,2.0002381235861413,0.7401524981178016,0.5
159,2021-02-15,youtube_blogger,influencer,10934,2478877,151480,31504,630,98,782138,4.163308687615527,240.44444444444449,1.999746063991874,5.163308687615527,1.2708980719898568
160,2021-02-15,instagram_tier1,social,9034945,3780200,136269,18901,378,45,269145,0.9751007198996104,360.5,1.9998941854928312,1.9751007198996102,0.5
161,2021-02-15,instagram_tier2,social,983498,7138400,37099,35692,916,11,21791,0.0,40.501091703056765,2.566401434495125,0.5873743227580258,0.5
162,2021-02-15,facebook_retarg,estioncgial,4387490,63986,14610,2099,28,5,24905,0.7046543463381246,521.7857142857143,1.3339685564554549,1.7046543463381245,3.280405088613134
163,2021-02-15,facebook_lal,social,544756,1093435,6588,8402,4,1,741,0.0,1647.0,0.047607712449416806,0.11247723132969034,0.7684041575402287
164,2021-02-15,instagram_blogg,eirnfluencer,374754,2100700,82452,21007,122,24,103392,0.25396594382186,675.8360655737705,0.5807587946874851,1.25396594382186,1.0
165,2021-02-15,banner_partner,media,39889,8747458,543275,29390,1061,171,809685,0.4903778012976853,512.0405278039585,3.6100714528751277,1.4903778012976854,0.3359833222405869
166,2021-02-16,facebook_tier1,social,349043,3839000,393027,19195,384,64,336448,0.0,1023.5078125,2.0005209690023444,0.8560429690581054,0.5
167,2021-02-16,facebook_tier2,social,348934,5280000,595176,26400,923,80,392160,0.0,644.8277356446371,3.4962121212121215,0.6588975361909755,0.5
168,2021-02-16,google_hot,search,89459845,373184,102053,7198,144,22,185482,0.8175065897131882,708.7013888888889,2.0005557099194218,1.8175065897131883,1.9288072371805864
169,2021-02-16,google_wide,search,127823,3841400,271906,19207,666,67,199727,0.0,408.2672672672672,3.4674858124642056,0.7345442910417571,0.5
170,2021-02-16,youtube_blogger,influencer,10934,4371118,221258,35999,720,128,1021570,3.617098590785418,307.3027777777778,2.000055557098808,4.617098590785418,0.8235650467454778
171,2021-02-16,instagram_tier1,social,9034945,4319200,143680,21596,432,34,171972,0.1969097995545657,332.5925925925926,2.0003704389701795,1.1969097995545657,0.5
172,2021-02-16,instagram_tier2,social,983498,15988504,103731,40794,816,24,41424,0.0,127.12132352941175,2.0002941609060154,0.3993406021343668,0.2551458222733034
173,2021-02-16,facebook_retarg,estioncgial,4387490,80233,31712,2407,48,12,59772,0.8848385469223007,660.6666666666666,1.9941836310760284,1.8848385469223008,3.000012463699475
174,2021-02-16,facebook_lal,social,544756,1576818,345629,9597,292,39,25857,0.0,1183.6609589041095,3.0426174846306138,0.07481143075378513,0.6086307994962006
175,2021-02-16,instagram_blogg,eirnfluencer,374754,3937010,620903,23994,833,160,939360,0.512893318279989,745.3817527010805,3.4717012586479954,1.512893318279989,0.6094472708984737
176,2021-02-16,banner_partner,media,39889,56876855,206424,33592,416,62,246822,0.1957039879083827,496.21153846153845,1.238390092879257,1.1957039879083828,0.0590609308478818
177,2021-02-17,facebook_tier1,social,349043,4320600,489831,21603,652,86,428366,0.0,751.2745398773006,3.0180993380549,0.8745179459854521,0.5
178,2021-02-17,facebook_tier2,social,348934,6102420,403691,29704,594,61,303841,0.0,679.6144781144781,1.9997306760032318,0.7526573542635332,0.4867577125140518
179,2021-02-17,google_hot,search,89459845,490058,116213,8104,162,31,227726,0.959557020298934,717.3641975308642,1.9990128331688055,1.9595570202989339,1.653681809091985
180,2021-02-17,google_wide,search,127823,4319200,180223,21596,442,44,136708,0.0,407.7443438914027,2.0466753102426374,0.7585491307990656,0.5
181,2021-02-17,youtube_blogger,influencer,10934,4049400,363811,40494,746,149,1189170,2.268647731926742,487.6823056300268,1.842248234306317,3.268647731926742,1.0
182,2021-02-17,instagram_tier1,social,9034945,4999407,246023,24294,606,73,496546,1.0182909727952263,405.9785478547855,2.4944430723635462,2.0182909727952265,0.4859376322031793
183,2021-02-17,instagram_tier2,social,983498,32964848,162819,45907,974,46,121900,0.0,167.1652977412731,2.1216807894220926,0.7486841216319963,0.1392604631454694
184,2021-02-17,facebook_retarg,estioncgial,4387490,84332,31423,2698,54,11,45441,0.4461063552175158,581.9074074074074,2.001482579688658,1.4461063552175157,3.199260067352844
185,2021-02-17,facebook_lal,social,544756,1361187,291254,10810,216,32,31392,0.0,1348.398148148148,1.998149861239593,0.10778221071641934,0.7941598031717906
186,2021-02-17,instagram_blogg,eirnfluencer,374754,2795511,462606,26990,795,119,592739,0.2813041767724586,581.8943396226415,2.9455353834753613,1.2813041767724587,0.9654764370449623
187,2021-02-17,banner_partner,media,39889,16553044,523398,37805,756,142,565302,0.0800614446367773,692.3253968253969,1.9997354847242428,1.0800614446367773,0.22838699637359752
188,2021-02-18,facebook_tier1,social,349043,4798200,30892,23991,61,6,25686,0.0,506.4262295081968,0.2542620149222625,0.8314774051534378,0.5
189,2021-02-18,facebook_tier2,social,348934,4678356,373294,33003,1313,51,237711,0.0,284.3061690784463,3.9784262036784535,0.6367929835464808,0.7054401161433632
190,2021-02-18,google_hot,search,89459845,527210,119542,9004,162,28,214368,0.7932442154221947,737.9135802469136,1.799200355397601,1.7932442154221948,1.7078583486656171
191,2021-02-18,google_wide,search,127823,10593685,200986,24005,480,43,93353,0.0,418.72083333333336,1.9995834201208083,0.46447513757177117,0.22659726053776374
192,2021-02-18,youtube_blogger,influencer,10934,4064081,86523,45004,144,31,256897,1.969118037978341,600.8541666666666,0.3199715580837259,2.969118037978341,1.107359818861878
193,2021-02-18,instagram_tier1,social,9034945,11212959,241388,27009,599,72,430632,0.7839826337680414,402.98497495826376,2.2177792587655967,1.7839826337680416,0.2408730826537402
194,2021-02-18,instagram_tier2,social,983498,13281923,58596,51000,1020,16,36016,0.0,57.44705882352941,2.0,0.6146494641272442,0.3839805425765531
195,2021-02-18,facebook_retarg,estioncgial,4387490,97885,17177,2991,28,6,33930,0.975315829306631,613.4642857142857,0.9361417586091608,1.9753158293066309,3.0556265004852636
196,2021-02-18,facebook_lal,social,544756,1181224,171831,11991,128,19,17917,0.0,1342.4296875,1.0674672671170045,0.10427105702696254,1.0151334547892694
197,2021-02-18,instagram_blogg,eirnfluencer,374754,2482796,518530,30000,1032,134,796630,0.5363238385435751,502.4515503875969,3.44,1.5363238385435751,1.2083151414775921
198,2021-02-18,banner_partner,media,39889,419970000,339735,41997,840,114,516420,0.5200671111307342,404.44642857142856,2.0001428673476673,1.5200671111307342,0.01
199,2021-02-19,facebook_tier1,social,349043,15345139,53254,26407,71,10,44550,0.0,750.056338028169,0.26886810315446663,0.8365568783565553,0.17208706939702534
200,2021-02-19,facebook_tier2,social,348934,7260800,415376,36304,726,58,288898,0.0,572.1432506887053,1.9997796386073161,0.6955096105697007,0.5
201,2021-02-19,google_hot,search,89459845,413291,9778,9904,14,2,15962,0.6324401718142769,698.4285714285714,0.14135702746365103,1.632440171814277,2.396374467384966
202,2021-02-19,google_wide,search,127823,8455475,81624,26406,281,20,72300,0.0,290.47686832740214,1.064152086646974,0.8857688915024993,0.3122946966314725
203,2021-02-19,youtube_blogger,influencer,10934,3801165,880357,49510,1666,369,2812520,2.194749402799092,528.4255702280913,3.3649767723692188,3.1947494027990917,1.3024954191675446
204,2021-02-19,instagram_tier1,social,9034945,6168252,300775,29699,1082,96,574176,0.9089884465131745,277.9805914972273,3.6432203104481635,1.9089884465131743,0.48148162558857843
205,2021-02-19,instagram_tier2,social,983498,11222000,9909,56110,185,3,3621,0.0,53.56216216216216,0.3297094991980039,0.36542537087496213,0.5
206,2021-02-19,facebook_retarg,estioncgial,4387490,115166,3173,3297,7,1,5199,0.6385124487866373,453.2857142857143,0.21231422505307856,1.6385124487866372,2.8628240973898547
207,2021-02-19,facebook_lal,social,544756,1320200,440355,13202,264,45,80325,0.0,1668.0113636363635,1.9996970156036964,0.18240964676227134,1.0
208,2021-02-19,instagram_blogg,eirnfluencer,374754,3299900,404285,32999,694,104,519272,0.2844206438527276,582.543227665706,2.10309403315252,1.2844206438527277,1.0
209,2021-02-19,banner_partner,media,39889,19065489,492126,46209,924,139,556417,0.1306393078195421,532.6038961038961,1.9996104654937352,1.1306393078195422,0.24236986525758664
210,2021-02-20,facebook_tier1,social,349043,9916906,56874,28796,88,12,59772,0.0509547420613988,646.2954545454545,0.3055979997221836,1.050954742061399,0.29037282394327424
211,2021-02-20,facebook_tier2,social,348934,7918600,455831,39593,853,68,387124,0.0,534.3856975381008,2.1544212360770842,0.8492708920630673,0.5
212,2021-02-20,google_hot,search,89459845,540450,190469,10809,359,47,365378,0.9183069160860824,530.5543175487466,3.3213063188084,1.9183069160860822,2.0
213,2021-02-20,google_wide,search,127823,5762000,435770,28810,732,96,253440,0.0,595.3142076502733,2.5407844498438044,0.581591206370333,0.5
214,2021-02-20,youtube_blogger,influencer,10934,5399300,303860,53993,1094,182,1452540,3.780293556243007,277.7513711151737,2.0261885800011115,4.780293556243007,1.0
215,2021-02-20,instagram_tier1,social,9034945,7669421,404737,32395,1003,139,847066,1.0928800677971129,403.5264207377866,3.096156814323198,2.092880067797113,0.42239172944085346
216,2021-02-20,instagram_tier2,social,983498,12239000,150065,61195,1224,48,73392,0.0,122.60212418300654,2.0001634120434675,0.4890680705027821,0.5
217,2021-02-20,facebook_retarg,estioncgial,4387490,111784,73588,3594,116,24,119544,0.6245039952166114,634.3793103448276,3.227601558152476,1.6245039952166114,3.21512917769985
218,2021-02-20,facebook_lal,social,544756,1118531,173041,14399,113,18,17658,0.0,1531.3362831858408,0.7847767206055977,0.1020451800440358,1.2873134495154805
219,2021-02-20,instagram_blogg,eirnfluencer,374754,5497354,504576,35994,822,137,682397,0.3524166825215626,613.8394160583941,2.2837139523253875,1.3524166825215627,0.6547513585626831
220,2021-02-20,banner_partner,media,39889,26012342,750361,50408,1678,252,1003210,0.3369698052004302,447.1758045292015,3.328836692588478,1.3369698052004302,0.19378493485899886
221,2021-02-21,facebook_tier1,social,349043,478600,38597,2393,66,7,31094,0.0,584.8030303030303,2.7580442958629336,0.805606653366842,0.5
222,2021-02-21,facebook_tier2,social,348934,543787,39481,3299,113,6,29538,0.0,349.3893805309734,3.425280387996363,0.7481573415060409,0.6066713621325998
223,2021-02-21,google_hot,search,89459845,49655,9444,907,18,2,15962,0.6901736552308344,524.6666666666666,1.9845644983461963,1.6901736552308344,1.8266035645957104
224,2021-02-21,google_wide,search,127823,478400,17476,2392,48,5,12910,0.0,364.0833333333333,2.0066889632107023,0.7387273975738156,0.5
225,2021-02-21,youtube_blogger,influencer,10934,713896,30801,4507,90,20,159620,4.182299275997533,342.2333333333333,1.996893720878633,5.182299275997533,0.6313244506202584
226,2021-02-21,instagram_tier1,social,9034945,555915,29458,2709,60,10,55540,0.8853961572408174,490.9666666666666,2.2148394241417497,1.8853961572408173,0.48730471385013896
227,2021-02-21,instagram_tier2,social,983498,781353,12504,5104,102,4,7924,0.0,122.58823529411764,1.9984326018808778,0.6337172104926424,0.6532258787001523
228,2021-02-21,facebook_retarg,estioncgial,4387490,10812,1556,296,3,1,3993,1.5661953727506426,518.6666666666666,1.0135135135135136,2.566195372750643,2.737698853126156
229,2021-02-21,facebook_lal,social,544756,119400,32170,1194,24,4,3924,0.0,1340.4166666666667,2.0100502512562812,0.12197699720236245,1.0
230,2021-02-21,instagram_blogg,eirnfluencer,374754,300900,65006,3009,89,17,84677,0.3026028366612313,730.4044943820224,2.957793286806248,1.3026028366612312,1.0
231,2021-02-21,banner_partner,media,39889,42080000,25023,4208,67,10,31710,0.2672341445869799,373.4776119402985,1.5922053231939164,1.26723414458698,0.01
232,2021-02-22,facebook_tier1,social,349043,605386,59710,4802,96,12,67632,0.1326745938703734,621.9791666666666,1.9991670137442734,1.1326745938703735,0.7932129253071595
233,2021-02-22,facebook_tier2,social,348934,2090371,95536,6606,132,14,69734,0.0,723.7575757575758,1.9981834695731153,0.7299237983587339,0.3160204576125482
234,2021-02-22,google_hot,search,89459845,90500,30645,1810,65,7,59045,0.9267417196932616,471.46153846153845,3.591160220994475,1.9267417196932615,2.0
235,2021-02-22,google_wide,search,127823,959600,12348,4798,39,4,11924,0.0,316.61538461538464,0.8128386827844934,0.9656624554583738,0.5
236,2021-02-22,youtube_blogger,influencer,10934,757387,77804,8997,180,42,359394,3.619222662073929,432.24444444444447,2.0006668889629875,4.61922266207393,1.1878999771583088
237,2021-02-22,instagram_tier1,social,9034945,4565811,33475,5397,108,9,53829,0.6080358476474982,309.9537037037037,2.001111728738188,1.608035847647498,0.11820463002082215
238,2021-02-22,instagram_tier2,social,983498,2190892,19197,10202,124,7,14602,0.0,154.81451612903226,1.215447951382082,0.7606396832838465,0.4656550847782547
239,2021-02-22,facebook_retarg,estioncgial,4387490,17821,5792,598,12,3,12168,1.100828729281768,482.6666666666667,2.0066889632107023,2.100828729281768,3.355591717636496
240,2021-02-22,facebook_lal,social,544756,239600,51783,2396,48,6,5886,0.0,1078.8125,2.003338898163606,0.11366664735530965,1.0
241,2021-02-22,instagram_blogg,eirnfluencer,374754,599700,137382,5997,236,35,158340,0.15255273616631,582.1271186440678,3.935300983825246,1.15255273616631,1.0
242,2021-02-22,banner_partner,media,39889,105873774,60022,8409,168,20,80600,0.3428409583152844,357.2738095238095,1.9978594363182305,1.3428409583152845,0.007942476859283395
243,2021-02-23,facebook_tier1,social,349043,924525,9858,1203,28,2,9962,0.0105498072631365,352.07142857142856,2.3275145469659186,1.0105498072631365,0.13012087288066845
244,2021-02-23,facebook_tier2,social,348934,475992,19350,1641,37,3,12225,0.0,522.972972972973,2.2547227300426567,0.6317829457364341,0.3447536933393838
245,2021-02-23,google_hot,search,89459845,22175,5409,442,9,2,15050,1.7823997041967092,601.0,2.0361990950226243,2.7823997041967092,1.9932356257046222
246,2021-02-23,google_wide,search,127823,241000,12582,1205,24,3,8943,0.0,524.25,1.9917012448132778,0.7107773009060563,0.5
247,2021-02-23,youtube_blogger,influencer,10934,297609,16343,2246,45,8,63848,2.906749066878786,363.1777777777778,2.0035618878005343,3.906749066878786,0.7546814780466988
248,2021-02-23,instagram_tier1,social,9034945,536236,557,1349,1,0,0,0.0,557.0,0.07412898443291327,0.0,0.2515683393132874
249,2021-02-23,instagram_tier2,social,983498,512000,4285,2560,51,2,2934,0.0,84.01960784313725,1.9921874999999998,0.6847141190198366,0.5
250,2021-02-23,facebook_retarg,estioncgial,4387490,4908,1238,155,3,1,5265,3.252827140549273,412.6666666666667,1.935483870967742,4.252827140549273,3.158109209453953
251,2021-02-23,facebook_lal,social,544756,60800,16079,608,12,2,2720,0.0,1339.9166666666667,1.9736842105263157,0.16916474905155793,1.0
252,2021-02-23,instagram_blogg,eirnfluencer,374754,117218,15435,1500,31,4,17816,0.1542597991577583,497.9032258064516,2.0666666666666664,1.1542597991577583,1.2796669453496903
253,2021-02-23,banner_partner,media,39889,654544,16706,2099,42,6,23886,0.4297857057344666,397.7619047619048,2.0009528346831824,1.4297857057344667,0.32068126818059595
254,2021-02-24,facebook_tier1,social,349043,479596,94564,2408,93,15,81825,0.0,1016.8172043010752,3.8621262458471763,0.86528700139588,0.5020892584592032
255,2021-02-24,facebook_tier2,social,348934,395127,44347,3297,66,7,34867,0.0,671.9242424242424,2.001819836214741,0.786231312151893,0.8344152639531088
256,2021-02-24,google_hot,search,89459845,45150,14306,903,18,3,23943,0.6736334405144695,794.7777777777778,1.9933554817275747,1.6736334405144695,2.0
257,2021-02-24,google_wide,search,127823,291441,22358,2408,52,5,19060,0.0,429.96153846153845,2.1594684385382057,0.8524912782896502,0.8262392731290381
258,2021-02-24,youtube_blogger,influencer,10934,409320,22944,4508,65,14,111734,3.869857043235705,352.9846153846154,1.4418811002661935,4.8698570432357045,1.1013388058242939
259,2021-02-24,instagram_tier1,social,9034945,869482,23908,2703,42,7,36456,0.5248452400870002,569.2380952380952,1.553829078801332,1.524845240087,0.3108747507136433
260,2021-02-24,instagram_tier2,social,983498,624157,18675,5098,122,6,10590,0.0,153.0737704918033,2.39309533150255,0.5670682730923695,0.8167816751234064
261,2021-02-24,facebook_retarg,estioncgial,4387490,8966,2857,297,6,1,4981,0.7434371718585929,476.1666666666667,2.0202020202020203,1.743437171858593,3.312513941556993
262,2021-02-24,facebook_lal,social,544756,148794,48797,1196,38,6,8178,0.0,1284.1315789473683,3.177257525083612,0.16759227001659938,0.803795851983279
263,2021-02-24,instagram_blogg,eirnfluencer,374754,355802,42312,2990,60,9,44829,0.0594866704480998,705.2,2.0066889632107023,1.0594866704480999,0.8403550289205794
264,2021-02-24,banner_partner,media,39889,2770687,34170,4205,84,16,63696,0.8640913081650571,406.7857142857143,1.9976218787158144,1.864091308165057,0.15176741364145427
265,2021-02-25,facebook_tier1,social,349043,94600,11230,473,15,2,10104,0.0,748.6666666666666,3.171247357293869,0.89973285841496,0.5
266,2021-02-25,facebook_tier2,social,348934,131400,10357,657,13,2,9962,0.0,796.6923076923077,1.97869101978691,0.9618615429178333,0.5
267,2021-02-25,google_hot,search,89459845,8750,1079,175,1,0,0,0.0,1079.0,0.5714285714285714,0.0,2.0
268,2021-02-25,google_wide,search,127823,61867,9472,487,19,2,5730,0.0,498.5263157894737,3.9014373716632447,0.6049408783783784,0.7871724829068808
269,2021-02-25,youtube_blogger,influencer,10934,94976,9035,904,22,5,38030,3.2091864969562813,410.6818181818182,2.433628318584071,4.209186496956281,0.9518194070080862
270,2021-02-25,instagram_tier1,social,9034945,106000,2304,530,6,1,5981,1.5959201388888888,384.0,1.1320754716981132,2.595920138888889,0.5
271,2021-02-25,instagram_tier2,social,983498,115468,2059,1015,20,1,1981,0.0,102.95,1.9704433497536946,0.9621175327829043,0.8790314199605085
272,2021-02-25,facebook_retarg,estioncgial,4387490,2214,1487,66,3,1,4461,2.0,495.6666666666667,4.545454545454546,3.0,2.9810298102981028
273,2021-02-25,facebook_lal,social,544756,25000,5871,250,5,1,981,0.0,1174.2,2.0,0.16709248850281042,1.0
274,2021-02-25,instagram_blogg,eirnfluencer,374754,46753,6228,591,12,2,10130,0.6265253692999357,519.0,2.030456852791878,1.6265253692999357,1.2640900049194703
275,2021-02-25,banner_partner,media,39889,2885291,7584,848,17,3,11943,0.5747626582278481,446.11764705882354,2.0047169811320753,1.574762658227848,0.029390449698141363
276,2021-02-26,facebook_tier1,social,349043,168408,19888,1207,39,4,22488,0.1307320997586484,509.948717948718,3.2311516155758078,1.1307320997586485,0.7167117951641253
277,2021-02-26,facebook_tier2,social,348934,438858,17935,1657,33,3,15345,0.0,543.4848484848485,1.9915509957754978,0.8555896292166155,0.3775708771402139
278,2021-02-26,google_hot,search,89459845,22450,1546,449,2,0,0,0.0,773.0,0.4454342984409799,0.0,2.0
279,2021-02-26,google_wide,search,127823,240600,4453,1203,11,1,2283,0.0,404.8181818181818,0.914380714879468,0.5126880754547496,0.5
280,2021-02-26,youtube_blogger,influencer,10934,195016,38804,2247,82,16,127696,2.290794763426451,473.219512195122,3.6493101913662658,3.290794763426451,1.1522131517413956
281,2021-02-26,instagram_tier1,social,9034945,174375,12592,1342,27,4,26556,1.1089580686149936,466.3703703703704,2.011922503725782,2.1089580686149936,0.7696057347670251
282,2021-02-26,instagram_tier2,social,983498,508600,2404,2543,73,1,1981,0.0,32.93150684931507,2.8706252457727093,0.8240432612312812,0.5
283,2021-02-26,facebook_retarg,estioncgial,4387490,4906,1071,143,3,1,4981,3.6507936507936503,357.0,2.097902097902098,4.650793650793651,2.914798206278027
284,2021-02-26,facebook_lal,social,544756,55269,316,610,0,0,0,0.0,0.0,0.0,0.0,1.1036928477084804
285,2021-02-26,instagram_blogg,eirnfluencer,374754,192489,15596,1497,34,5,25205,0.6161195178250833,458.7058823529412,2.2712090848363395,1.6161195178250833,0.7777067780496548
286,2021-02-26,banner_partner,media,39889,20930000,8088,2093,22,3,12213,0.5100148367952523,367.6363636363636,1.051122790253225,1.5100148367952522,0.01
287,2021-02-27,facebook_tier1,social,349043,213771,5003,241,9,1,4223,0.0,555.8888888888889,3.7344398340248963,0.8440935438736757,0.112737462050512
288,2021-02-27,facebook_tier2,social,348934,66400,3236,332,13,0,0,0.0,248.92307692307693,3.91566265060241,0.0,0.5
289,2021-02-27,google_hot,search,89459845,4662,1754,83,2,0,0,0.0,877.0,2.4096385542168677,0.0,1.7803517803517803
290,2021-02-27,google_wide,search,127823,40004,1487,243,5,0,0,0.0,297.4,2.05761316872428,0.0,0.6074392560743925
291,2021-02-27,youtube_blogger,influencer,10934,44000,5722,440,15,3,23943,3.184376092275428,381.4666666666666,3.4090909090909087,4.1843760922754285,1.0
292,2021-02-27,instagram_tier1,social,9034945,44112,1832,275,6,1,5981,2.2647379912663754,305.3333333333333,2.181818181818182,3.2647379912663754,0.6234131302140007
293,2021-02-27,instagram_tier2,social,983498,78799,254,503,3,0,0,0.0,84.66666666666667,0.5964214711729622,0.0,0.6383329737687026
294,2021-02-27,facebook_retarg,estioncgial,4387490,667,200,20,0,0,0,0.0,0.0,0.0,0.0,2.998500749625187
295,2021-02-27,facebook_lal,social,544756,13693,3098,115,2,0,0,0.0,1549.0,1.7391304347826086,0.0,0.8398451763674871
296,2021-02-27,instagram_blogg,eirnfluencer,374754,24018,3524,298,6,1,4661,0.3226447219069239,587.3333333333334,2.013422818791946,1.322644721906924,1.2407361145807312
297,2021-02-27,banner_partner,media,39889,182546,2791,426,9,1,3981,0.426370476531709,310.1111111111111,2.112676056338028,1.4263704765317091,0.23336583655626528
298,2021-02-28,facebook_tier1,social,349043,97200,6441,486,11,1,4981,0.0,585.5454545454545,2.263374485596708,0.7733271231175284,0.5
299,2021-02-28,facebook_tier2,social,348934,132200,8666,661,13,1,5509,0.0,666.6153846153846,1.9667170953101363,0.635702746365105,0.5
300,2021-02-28,google_hot,search,89459845,11554,3530,187,5,1,8714,1.4685552407932012,706.0,2.6737967914438503,2.468555240793201,1.6184871040332351
301,2021-02-28,google_wide,search,127823,55625,385,487,1,0,0,0.0,385.0,0.20533880903490762,0.0,0.875505617977528
302,2021-02-28,youtube_blogger,influencer,10934,129025,9893,909,21,5,37450,2.785504902456282,471.0952380952381,2.31023102310231,3.785504902456282,0.7045146289478783
303,2021-02-28,instagram_tier1,social,9034945,63566,4951,546,12,1,5981,0.2080387800444354,412.5833333333333,2.197802197802198,1.2080387800444354,0.8589497530126169
304,2021-02-28,instagram_tier2,social,983498,775780,761,1024,4,0,0,0.0,190.25,0.390625,0.0,0.1319961844852922
305,2021-02-28,facebook_retarg,estioncgial,4387490,1933,225,58,0,0,0,0.0,0.0,0.0,0.0,3.0005173305742368
306,2021-02-28,facebook_lal,social,544756,25840,6845,248,5,1,1491,0.0,1369.0,2.0161290322580645,0.21782322863403944,0.9597523219814241
307,2021-02-28,instagram_blogg,eirnfluencer,374754,94058,4846,594,12,1,5008,0.0334296326867519,403.8333333333333,2.0202020202020203,1.033429632686752,0.6315252291139509
308,2021-02-28,banner_partner,media,39889,8490000,6823,849,18,2,7030,0.030338560750403,379.05555555555554,2.1201413427561837,1.030338560750403,0.01
309,2021-03-01,facebook_tier1,social,349043,147161,6955,1253,13,1,5018,0.0,535.0,1.0375099760574622,0.7214953271028037,0.8514484136422014
310,2021-03-01,facebook_tier2,social,348934,269819,20677,2108,59,4,18940,0.0,350.45762711864404,2.7988614800759013,0.9159936160951783,0.7812644772977442
311,2021-03-01,google_hot,search,89459845,23052,5459,465,9,1,7599,0.3920131892287964,606.5555555555555,1.935483870967742,1.3920131892287966,2.017178552837064
312,2021-03-01,google_wide,search,127823,144305,5788,1173,24,1,2035,0.0,241.16666666666663,2.0460358056265986,0.3515894955079475,0.8128616472055715
313,2021-03-01,youtube_blogger,influencer,10934,220260,30541,2364,50,10,88469,1.8967289872630235,610.82,2.1150592216582065,2.8967289872630233,1.0732770362299102
314,2021-03-01,instagram_tier1,social,9034945,453825,9664,1374,26,3,18813,0.9467094370860928,371.6923076923077,1.8922852983988356,1.9467094370860927,0.30275987440092544
315,2021-03-01,instagram_tier2,social,983498,491799,3815,2681,93,1,1932,0.0,41.02150537634409,3.4688549048862365,0.5064220183486239,0.5451414093969285
316,2021-03-01,facebook_retarg,estioncgial,4387490,5339,1353,155,3,1,5028,2.7161862527716187,451.0,1.935483870967742,3.7161862527716187,2.90316538677655
317,2021-03-01,facebook_lal,social,544756,55890,17280,567,14,2,4115,0.0,1234.2857142857142,2.4691358024691357,0.23813657407407407,1.0144927536231882
318,2021-03-01,instagram_blogg,eirnfluencer,374754,121434,22855,1556,49,7,39525,0.7293808794574491,466.4285714285714,3.1491002570694087,1.7293808794574492,1.281354480623219
319,2021-03-01,banner_partner,media,39889,20335403,894,2027,3,0,0,0.0,298.0,0.1480019733596448,0.0,0.009967837863847596
320,2021-03-02,facebook_tier1,social,349043,470492,18166,2338,49,4,17983,0.0,370.734693877551,2.095808383233533,0.9899262358251679,0.49692662149409556
321,2021-03-02,facebook_tier2,social,348934,1200749,2711,3976,12,0,0,0.0,225.91666666666663,0.30181086519114686,0.0,0.3311266551127671
322,2021-03-02,google_hot,search,89459845,45020,11073,892,19,3,24254,1.1903729793190645,582.7894736842105,2.130044843049327,2.1903729793190645,1.9813416259440246
323,2021-03-02,google_wide,search,127823,314023,15882,2377,37,4,11992,0.0,429.2432432432432,1.5565839293226758,0.7550686311547664,0.7569509239769062
324,2021-03-02,youtube_blogger,influencer,10934,437820,43395,4307,81,16,150546,2.469201520912548,535.7407407407408,1.88065939168795,3.4692015209125477,0.9837376090630854
325,2021-03-02,instagram_tier1,social,9034945,547001,30344,2601,57,9,44886,0.4792380701291853,532.3508771929825,2.1914648212226067,1.4792380701291854,0.4755018729399032
326,2021-03-02,instagram_tier2,social,983498,1005700,1394,5161,14,0,0,0.0,99.57142857142856,0.27126525867080026,0.0,0.5131749030526002
327,2021-03-02,facebook_retarg,estioncgial,4387490,9545,166,309,0,0,0,0.0,0.0,0.0,0.0,3.2372970141435307
328,2021-03-02,facebook_lal,social,544756,110069,8713,1205,7,1,1158,0.0,1244.7142857142858,0.5809128630705395,0.13290485481464479,1.0947678274536883
329,2021-03-02,instagram_blogg,eirnfluencer,374754,312760,14538,2980,20,3,14288,0.0,726.9,0.6711409395973155,0.9828036868895309,0.9528072643560558
330,2021-03-02,banner_partner,media,39889,42629394,47076,4011,96,13,53287,0.1319355935083694,490.375,2.393418100224383,1.1319355935083695,0.009409000747230889
331,2021-03-03,facebook_tier1,social,349043,2318547,63489,7445,117,13,70942,0.1173904140874797,542.6410256410256,1.5715245130960378,1.1173904140874797,0.32110627906184347
332,2021-03-03,facebook_tier2,social,348934,1324690,101160,11656,282,15,71115,0.0,358.7234042553192,2.4193548387096775,0.7029952550415184,0.8799039775343666
333,2021-03-03,google_hot,search,89459845,131056,76014,2657,86,16,119582,0.5731575762359565,883.8837209302326,3.23673315769665,1.5731575762359566,2.027377609571481
334,2021-03-03,google_wide,search,127823,4585442,49088,7074,141,13,39453,0.0,348.1418439716312,1.9932145886344361,0.8037198500651891,0.15427084237462824
335,2021-03-03,youtube_blogger,influencer,10934,1018072,193828,13688,477,94,791806,3.085096064552077,406.3480083857442,3.484804208065459,4.0850960645520775,1.3445021570183642
336,2021-03-03,instagram_tier1,social,9034945,1665056,64931,8113,162,15,81078,0.2486793673283947,400.8086419753087,1.9967952668556639,1.2486793673283947,0.4872508792497069
337,2021-03-03,instagram_tier2,social,983498,3101670,97882,14879,616,37,102903,0.051296459001655,158.89935064935065,4.140063176288729,1.0512964590016551,0.4797093178835917
338,2021-03-03,facebook_retarg,estioncgial,4387490,29458,5171,904,17,4,22587,3.36801392380584,304.1764705882353,1.8805309734513276,4.36801392380584,3.068775884309865
339,2021-03-03,facebook_lal,social,544756,286999,74678,3692,72,9,5368,0.0,1037.1944444444443,1.9501625135427951,0.07188194649026487,1.2864156321102165
340,2021-03-03,instagram_blogg,eirnfluencer,374754,681675,191148,9365,337,51,265988,0.3915290769456128,567.2047477744807,3.5985050720768816,1.3915290769456128,1.3738218359188763
341,2021-03-03,banner_partner,media,39889,129566532,29531,12605,69,13,49946,0.6913074396397006,427.9855072463768,0.5474018246727489,1.6913074396397008,0.009728592565864154
342,2021-03-04,facebook_tier1,social,349043,2511275,166335,9932,183,31,153033,0.0,908.9344262295082,1.8425291985501409,0.9200288574262783,0.3954963116345283
343,2021-03-04,facebook_tier2,social,348934,5541738,148229,16646,183,20,104434,0.0,809.9945355191256,1.0993632103808724,0.7045449945692138,0.30037508088617687
344,2021-03-04,google_hot,search,89459845,204382,39707,3528,55,9,71640,0.8042158813307477,721.9454545454546,1.5589569160997732,1.8042158813307476,1.7261794091456193
345,2021-03-04,google_wide,search,127823,1471716,59389,9289,232,17,60565,0.0198016467696038,255.98706896551724,2.4975777801700936,1.0198016467696038,0.6311679699072376
346,2021-03-04,youtube_blogger,influencer,10934,2147719,177951,18033,428,88,602216,2.3841675517417715,415.7733644859813,2.3734264958686855,3.3841675517417715,0.8396349801812993
347,2021-03-04,instagram_tier1,social,9034945,1365077,108804,11327,234,27,186917,0.7179239733833315,464.97435897435895,2.0658603337159,1.7179239733833316,0.8297700422760035
348,2021-03-04,instagram_tier2,social,983498,2870852,40778,20541,392,12,23929,0.0,104.02551020408164,1.908378365220778,0.5868115160135368,0.7155018788847353
349,2021-03-04,facebook_retarg,estioncgial,4387490,44657,921,1198,4,1,5290,4.743756786102063,230.25,0.333889816360601,5.743756786102063,2.6826701301027835
350,2021-03-04,facebook_lal,social,544756,411177,120520,4961,68,13,6536,0.0,1772.3529411764705,1.3706913928643418,0.05423166279455692,1.2065363578215706
351,2021-03-04,instagram_blogg,eirnfluencer,374754,1184692,148952,11650,266,37,224122,0.5046592190772866,559.9699248120301,2.2832618025751072,1.5046592190772867,0.9833779581528362
352,2021-03-04,banner_partner,media,39889,41393654,181513,16490,340,62,207119,0.1410697856351886,533.8617647058824,2.0618556701030926,1.1410697856351886,0.03983702429362723
353,2021-03-05,facebook_tier1,social,349043,3339129,91790,12319,148,18,86824,0.0,620.2027027027027,1.2013962172254242,0.9458982459962959,0.3689285439406504
354,2021-03-05,facebook_tier2,social,348934,4022169,326497,19927,400,49,252961,0.0,816.2425,2.0073267426105286,0.7747728156767137,0.49542920747487235
355,2021-03-05,google_hot,search,89459845,241099,98728,4356,154,24,186092,0.8848958755368285,641.0909090909091,3.535353535353535,1.8848958755368284,1.8067266973318015
356,2021-03-05,google_wide,search,127823,9936639,58248,12373,133,14,48239,0.0,437.9548872180451,1.0749211993857593,0.8281657739321522,0.12451896461167604
357,2021-03-05,youtube_blogger,influencer,10934,1912869,446410,22632,760,141,1137454,1.548002956923008,587.3815789473684,3.35807705903146,2.548002956923008,1.1831442717718779
358,2021-03-05,instagram_tier1,social,9034945,7548141,262156,13417,549,74,447547,0.7071781687239659,477.5154826958106,4.091823805619736,1.7071781687239658,0.17775237637982652
359,2021-03-05,instagram_tier2,social,983498,5137920,13726,26350,744,4,8291,0.0,18.4489247311828,2.823529411764706,0.6040361358006703,0.5128534504235177
360,2021-03-05,facebook_retarg,estioncgial,4387490,48833,6457,1570,30,5,26132,3.0470806876258325,215.2333333333333,1.910828025477707,4.047080687625832,3.2150390105051914
361,2021-03-05,facebook_lal,social,544756,609490,184692,6157,117,21,9783,0.0,1578.5641025641023,1.9002761084943964,0.05296926775388214,1.0101888464125746
362,2021-03-05,instagram_blogg,eirnfluencer,374754,2207087,36368,14380,49,8,49960,0.3737351517817862,742.204081632653,0.34075104311543813,1.3737351517817862,0.6515375243477036
363,2021-03-05,banner_partner,media,39889,8284819,407874,20900,785,125,471908,0.156994562046122,519.5847133757961,3.755980861244019,1.1569945620461222,0.25226863737155875
364,2021-03-06,facebook_tier1,social,349043,306806,41168,2439,76,9,44900,0.0906529343179168,541.6842105263158,3.116031160311603,1.0906529343179168,0.7949648963840342
365,2021-03-06,facebook_tier2,social,348934,563750,77896,3917,130,11,53096,0.0,599.2,3.3188664794485576,0.6816267844305227,0.6948115299334812
366,2021-03-06,google_hot,search,89459845,46467,6498,868,13,1,8525,0.311942136041859,499.84615384615387,1.497695852534562,1.311942136041859,1.8679923386489339
367,2021-03-06,google_wide,search,127823,461043,22318,2408,47,6,12831,0.0,474.8510638297872,1.9518272425249168,0.5749171072676763,0.5222940159594658
368,2021-03-06,youtube_blogger,influencer,10934,462934,77644,4298,131,26,219417,1.825936324764309,592.7022900763359,3.047929269427641,2.825936324764309,0.9284260823357109
369,2021-03-06,instagram_tier1,social,9034945,438595,3594,2576,14,1,5845,0.6263216471897607,256.7142857142857,0.5434782608695652,1.6263216471897608,0.5873299969219895
370,2021-03-06,instagram_tier2,social,983498,1642607,12615,5009,100,5,12746,0.0103844629409433,126.15,1.9964064683569576,1.0103844629409433,0.3049420829206255
371,2021-03-06,facebook_retarg,estioncgial,4387490,10063,1465,295,6,1,5352,2.6532423208191127,244.16666666666663,2.0338983050847457,3.6532423208191127,2.9315313524793796
372,2021-03-06,facebook_lal,social,544756,114880,29026,1226,23,4,6536,0.0,1262.0,1.8760195758564437,0.2251774271342934,1.067200557103064
373,2021-03-06,instagram_blogg,eirnfluencer,374754,296567,7980,2915,21,2,9577,0.200125313283208,380.0,0.7204116638078902,1.200125313283208,0.9829144847538668
374,2021-03-06,banner_partner,media,39889,42972477,36965,4138,88,10,49629,0.3425943460029758,420.0568181818182,2.126631222812953,1.342594346002976,0.009629419314134486
375,2021-03-07,facebook_tier1,social,349043,491902,26590,2272,45,5,25283,0.0,590.8888888888889,1.9806338028169015,0.9508461827754795,0.4618806184971803
376,2021-03-07,facebook_tier2,social,348934,793601,48000,4214,81,6,30901,0.0,592.5925925925926,1.9221642145230187,0.6437708333333333,0.5309973147715288
377,2021-03-07,google_hot,search,89459845,46140,6595,903,17,2,14852,1.2520090978013647,387.9411764705882,1.8826135105204873,2.2520090978013645,1.9570871261378413
378,2021-03-07,google_wide,search,127823,1102249,18971,2494,50,5,17569,0.0,379.42,2.0048115477145148,0.9260977281113278,0.22626466433627973
379,2021-03-07,youtube_blogger,influencer,10934,701642,32951,4549,84,16,119903,2.6388273497010712,392.2738095238095,1.8465596834469113,3.6388273497010712,0.6483363310634198
380,2021-03-07,instagram_tier1,social,9034945,1270895,38454,2826,98,11,66411,0.727024496801373,392.3877551020408,3.4677990092002826,1.727024496801373,0.2223629804193108
381,2021-03-07,instagram_tier2,social,983498,556175,6582,5152,191,2,4082,0.0,34.460732984293195,3.7072981366459623,0.6201762382254634,0.9263271452330653
382,2021-03-07,facebook_retarg,estioncgial,4387490,10073,3297,298,6,1,4934,0.4965119805884137,549.5,2.013422818791946,1.4965119805884137,2.958403653330686
383,2021-03-07,facebook_lal,social,544756,178511,10334,1180,6,1,944,0.0,1722.3333333333333,0.5084745762711864,0.09134894522934005,0.6610236904168371
384,2021-03-07,instagram_blogg,eirnfluencer,374754,314558,45886,2952,95,12,65004,0.416641241337227,483.0105263157895,3.218157181571816,1.4166412413372271,0.9384596799318409
385,2021-03-07,banner_partner,media,39889,3795167,81654,4083,141,26,94184,0.1534523722046684,579.1063829787234,3.4533431300514326,1.1534523722046686,0.10758419853460993
386,2021-03-08,facebook_tier1,social,349043,472747,26981,2387,37,5,21920,0.0,729.2162162162163,1.550062840385421,0.8124235573181128,0.5049212369406892
387,2021-03-08,facebook_tier2,social,348934,607324,39786,3883,81,6,33863,0.0,491.1851851851852,2.086015967035797,0.8511285376765696,0.6393621855879235
388,2021-03-08,google_hot,search,89459845,51596,7069,937,19,2,16003,1.2638279813269204,372.05263157894734,2.0277481323372464,2.26382798132692,1.816032250562059
389,2021-03-08,google_wide,search,127823,492586,17261,2442,46,5,17203,0.0,375.2391304347826,1.8837018837018837,0.996639823880424,0.4957509957652065
390,2021-03-08,youtube_blogger,influencer,10934,677020,32904,4473,81,16,115182,2.50054704595186,406.22222222222223,1.8108651911468814,3.50054704595186,0.6606894921863461
391,2021-03-08,instagram_tier1,social,9034945,464768,344,2704,1,0,0,0.0,344.0,0.03698224852071006,0.0,0.581795648581658
392,2021-03-08,instagram_tier2,social,983498,977325,2085,4990,102,1,2002,0.0,20.44117647058824,2.0440881763527057,0.9601918465227818,0.5105773412119816
393,2021-03-08,facebook_retarg,estioncgial,4387490,9799,4526,308,10,2,9969,1.2026071586389748,452.6,3.2467532467532463,2.202607158638975,3.1431778752933974
394,2021-03-08,facebook_lal,social,544756,117663,38746,1238,25,5,5140,0.0,1549.84,2.0193861066235863,0.132658855107624,1.0521574326678735
395,2021-03-08,instagram_blogg,eirnfluencer,374754,350575,31079,2986,59,9,43295,0.3930628398597123,526.7627118644068,1.9758874748827864,1.3930628398597122,0.8517435641446195
396,2021-03-08,banner_partner,media,39889,2217560,30393,4179,82,10,43131,0.4191096634093377,370.6463414634146,1.9621919119406557,1.4191096634093376,0.18845036887389743
397,2021-03-09,facebook_tier1,social,349043,499252,48791,2506,66,9,41094,0.0,739.2575757575758,2.6336791699920195,0.8422454960955914,0.5019509185741869
398,2021-03-09,facebook_tier2,social,348934,701126,78298,3848,113,13,63647,0.0,692.9026548672566,2.936590436590437,0.8128815550844211,0.548831451122908
399,2021-03-09,google_hot,search,89459845,42899,3178,938,5,1,8163,1.5685966016362491,635.6,0.5330490405117271,2.568596601636249,2.186531154572368
400,2021-03-09,google_wide,search,127823,484322,20009,2443,49,5,15232,0.0,408.3469387755102,2.005730659025788,0.7612574341546304,0.5044164832487478
401,2021-03-09,youtube_blogger,influencer,10934,500759,26800,4324,93,18,143285,4.346455223880597,288.1720430107527,2.150786308973173,5.346455223880597,0.8634892233589412
402,2021-03-09,instagram_tier1,social,9034945,739601,10581,2627,19,3,19078,0.8030431906247046,556.8947368421053,0.723258469737343,1.8030431906247046,0.355191515425209
403,2021-03-09,instagram_tier2,social,983498,983508,7327,5266,107,3,5867,0.0,68.4766355140187,2.0319027725028485,0.8007370001364815,0.5354303167844084
404,2021-03-09,facebook_retarg,estioncgial,4387490,9454,2049,298,6,1,4497,1.1947291361639825,341.5,2.013422818791946,2.1947291361639825,3.1521049291305268
405,2021-03-09,facebook_lal,social,544756,198575,27994,1194,25,3,3006,0.0,1119.76,2.0938023450586267,0.10738015288990498,0.6012841495656552
406,2021-03-09,instagram_blogg,eirnfluencer,374754,356086,54817,2986,99,15,89365,0.6302424430377438,553.7070707070707,3.3154722036168787,1.6302424430377438,0.8385614711052949
407,2021-03-09,banner_partner,media,39889,3778932,44326,4066,84,13,51892,0.1706898885529937,527.6904761904761,2.0659124446630592,1.1706898885529937,0.10759653785778628
408,2021-03-10,facebook_tier1,social,349043,1004883,43945,4695,94,8,42305,0.0,467.5,2.0021299254526093,0.9626806235066561,0.467218571714319
409,2021-03-10,facebook_tier2,social,348934,992955,52849,8295,168,9,43073,0.0,314.57738095238096,2.0253164556962027,0.8150201517531079,0.8353852893635664
410,2021-03-10,google_hot,search,89459845,105588,53266,1765,57,11,85026,0.5962527691210153,934.4912280701756,3.229461756373938,1.5962527691210153,1.6715914687275069
411,2021-03-10,google_wide,search,127823,782657,70944,4986,156,19,44451,0.0,454.7692307692308,3.1287605294825513,0.6265646143437077,0.6370606791991894
412,2021-03-10,youtube_blogger,influencer,10934,1410344,19104,9032,84,16,129427,5.774863902847571,227.42857142857144,0.9300265721877767,6.774863902847571,0.6404111337375845
413,2021-03-10,instagram_tier1,social,9034945,4045364,37477,5493,184,13,81764,1.1817114496891428,203.67934782608697,3.3497178226834152,2.1817114496891428,0.13578506161621057
414,2021-03-10,instagram_tier2,social,983498,2046405,13617,9934,404,4,7739,0.0,33.70544554455446,4.066841151600563,0.5683337005214071,0.4854366559894058
415,2021-03-10,facebook_retarg,estioncgial,4387490,19231,13247,588,22,5,27583,1.0822072922171058,602.1363636363636,3.741496598639456,2.0822072922171055,3.0575633092402894
416,2021-03-10,facebook_lal,social,544756,313045,129670,2287,85,14,14245,0.0,1525.529411764706,3.716659379099257,0.10985578776895195,0.7305658930824642
417,2021-03-10,instagram_blogg,eirnfluencer,374754,476862,132774,5803,186,35,145594,0.0965550484281561,713.8387096774194,3.2052386696536277,1.096555048428156,1.2169139080069287
418,2021-03-10,banner_partner,media,39889,5072926,174969,8687,312,61,202112,0.1551303373740491,560.7980769230769,3.5915736157476688,1.1551303373740491,0.17124239541440187
419,2021-03-11,facebook_tier1,social,349043,1019768,101437,7235,140,24,102158,0.0071078600510661,724.55,1.9350380096751902,1.0071078600510661,0.7094750962964126
420,2021-03-11,facebook_tier2,social,348934,5793702,229033,11754,387,36,156720,0.0,591.8165374677003,3.2924961715160794,0.6842682058917274,0.20287546718833654
421,2021-03-11,google_hot,search,89459845,139679,25901,2822,56,6,50571,0.9524728774950774,462.5178571428572,1.984408221119773,1.9524728774950775,2.0203466519662943
422,2021-03-11,google_wide,search,127823,1301234,49950,6920,149,14,42194,0.0,335.23489932885906,2.153179190751445,0.8447247247247247,0.5318028886426269
423,2021-03-11,youtube_blogger,influencer,10934,1227857,206740,14088,468,91,816586,2.949821031246977,441.7521367521368,3.321976149914821,3.949821031246977,1.1473648804380314
424,2021-03-11,instagram_tier1,social,9034945,2275645,353,7786,1,0,0,0.0,353.0,0.012843565373747753,0.0,0.34214475456409066
425,2021-03-11,instagram_tier2,social,983498,3043543,4187,14816,113,1,2667,0.0,37.05309734513274,0.7626889848812095,0.6369715786959637,0.4868010736171626
426,2021-03-11,facebook_retarg,estioncgial,4387490,27788,17722,855,27,6,30155,0.7015573862995147,656.3703703703703,3.1578947368421053,1.7015573862995148,3.076867712681733
427,2021-03-11,facebook_lal,social,544756,373849,5986,3416,5,1,652,0.0,1197.2,0.14637002341920377,0.10892081523554961,0.9137378995262794
428,2021-03-11,instagram_blogg,eirnfluencer,374754,896761,128492,9350,217,30,140394,0.0926283348379665,592.1290322580645,2.320855614973262,1.0926283348379666,1.042641238858514
429,2021-03-11,banner_partner,media,39889,5301550,198248,12471,471,60,229359,0.1569297042088697,420.9087048832272,3.776762088044263,1.1569297042088698,0.2352330922088823
430,2021-03-12,facebook_tier1,social,349043,1834452,110153,9256,192,22,93146,0.0,573.7135416666666,2.0743301642178045,0.8456056575853585,0.504564850974569
431,2021-03-12,facebook_tier2,social,348934,3153833,226264,16553,409,38,222385,0.0,553.2127139364303,2.4708512052195974,0.9828563094438355,0.5248534085349478
432,2021-03-12,google_hot,search,89459845,169237,57498,3431,72,14,126668,1.2029983651605274,798.5833333333334,2.098513552900029,2.202998365160527,2.0273344481407727
433,2021-03-12,google_wide,search,127823,1523139,86768,10067,193,19,58844,0.0,449.5751295336788,1.9171550610906924,0.6781762861884566,0.6609377082459316
434,2021-03-12,youtube_blogger,influencer,10934,1252416,126030,18179,366,59,464902,2.6888201221931287,344.344262295082,2.0133120633698223,3.6888201221931287,1.4515145127497573
435,2021-03-12,instagram_tier1,social,9034945,3881855,27784,10397,110,9,54376,0.9570976101353296,252.5818181818182,1.057997499278638,1.9570976101353297,0.26783586713053426
436,2021-03-12,instagram_tier2,social,983498,7042375,49213,20210,405,14,30760,0.0,121.51358024691358,2.003958436417615,0.6250380996891065,0.2869770496458936
437,2021-03-12,facebook_retarg,estioncgial,4387490,42871,11785,1152,34,8,40924,2.472549851506152,346.61764705882354,2.951388888888889,3.4725498515061517,2.6871311609246344
438,2021-03-12,facebook_lal,social,544756,469800,43921,4879,33,5,6711,0.0,1330.939393939394,0.6763681082188974,0.15279706746203411,1.0385270327799063
439,2021-03-12,instagram_blogg,eirnfluencer,374754,1151905,316139,12451,398,80,378134,0.1961004494858274,794.3190954773869,3.196530399164726,1.1961004494858274,1.0809051093623172
440,2021-03-12,banner_partner,media,39889,10743424,150347,16736,334,49,201820,0.3423613374393902,450.1407185628743,1.995697896749522,1.3423613374393901,0.1557790142137181
441,2021-03-13,facebook_tier1,social,349043,1456451,303619,12474,387,63,351310,0.1570751501058893,784.5452196382429,3.1024531024531026,1.1570751501058893,0.8564654766964355
442,2021-03-13,facebook_tier2,social,348934,2807842,386349,20893,755,60,330853,0.0,511.7205298013245,3.6136505049538123,0.8563578526151226,0.7440945751221044
443,2021-03-13,google_hot,search,89459845,214780,59675,4686,105,18,153003,1.5639379974863843,568.3333333333334,2.240717029449424,2.5639379974863847,2.1817673898873267
444,2021-03-13,google_wide,search,127823,3620252,213077,12131,382,54,119672,0.0,557.7931937172775,3.1489572170472346,0.5616373423691905,0.3350871707273417
445,2021-03-13,youtube_blogger,influencer,10934,2164186,207136,22137,813,151,1311536,5.33176270662753,254.779827798278,3.6725843610245295,6.33176270662753,1.022878809861999
446,2021-03-13,instagram_tier1,social,9034945,2628246,87423,13944,224,25,180880,1.0690207382496597,390.28125,1.6064257028112447,2.0690207382496597,0.5305439445166091
447,2021-03-13,instagram_tier2,social,983498,5240557,16891,26414,522,6,10072,0.0,32.35823754789272,1.9762247293102144,0.596293884317092,0.5040303921892272
448,2021-03-13,facebook_retarg,estioncgial,4387490,48261,8434,1450,20,4,19346,1.293810765947356,421.7,1.3793103448275863,2.293810765947356,3.0044963842440064
449,2021-03-13,facebook_lal,social,544756,471130,173396,5907,132,19,24945,0.0,1313.6060606060605,2.2346368715083798,0.1438614500911209,1.253794069577399
450,2021-03-13,instagram_blogg,eirnfluencer,374754,1468273,31739,15084,50,8,43389,0.3670563029711081,634.78,0.33147706178732433,1.367056302971108,1.0273293862926036
451,2021-03-13,banner_partner,media,39889,17735297,384301,21698,760,121,367227,0.0,505.6592105263158,3.502626970227671,0.955571283967515,0.1223435953736777
452,2021-03-14,facebook_tier1,social,349043,2340530,62386,14919,111,14,65822,0.0550764594620587,562.0360360360361,0.7440176955560024,1.0550764594620587,0.637419729719337
453,2021-03-14,facebook_tier2,social,348934,9381263,235648,23066,491,35,187581,0.0,479.9348268839104,2.1286742391398596,0.7960220328625747,0.24587307700466346
454,2021-03-14,google_hot,search,89459845,270475,53858,5358,90,11,82445,0.5307846559471202,598.4222222222222,1.6797312430011198,1.53078465594712,1.980959423236898
455,2021-03-14,google_wide,search,127823,3041375,196019,14044,498,50,104867,0.0,393.6124497991968,3.545998291085161,0.534983853606028,0.4617648267642102
456,2021-03-14,youtube_blogger,influencer,10934,2483961,229811,27030,545,85,722994,2.146037395947104,421.6715596330275,2.0162782093969662,3.146037395947104,1.088181336180399
457,2021-03-14,instagram_tier1,social,9034945,3115186,318598,16931,579,70,365892,0.1484441208042737,550.2556131260794,3.4197625657078734,1.1484441208042737,0.5434988472598425
458,2021-03-14,instagram_tier2,social,983498,5222430,225792,29490,890,56,116604,0.0,253.6988764044944,3.017972193964056,0.5164221938775511,0.5646796606177584
459,2021-03-14,facebook_retarg,estioncgial,4387490,56468,4576,1781,10,2,10411,1.275131118881119,457.6,0.5614823133071308,2.2751311188811187,3.1539987249415598
460,2021-03-14,facebook_lal,social,544756,602292,165166,7300,147,21,13745,0.0,1123.578231292517,2.0136986301369864,0.08321930663695919,1.2120366865241445
461,2021-03-14,instagram_blogg,eirnfluencer,374754,2372706,213527,17556,371,51,313249,0.4670229057683571,575.544474393531,2.113237639553429,1.4670229057683573,0.7399146796948295
462,2021-03-14,banner_partner,media,39889,7097546,228469,25774,520,73,241194,0.0556968341438006,439.3634615384616,2.0175370528439514,1.0556968341438007,0.36313959782719263
463,2021-03-15,facebook_tier1,social,349043,3430134,169216,16126,236,31,153867,0.0,717.0169491525423,1.463475133325065,0.9092934474281392,0.470127406101336
464,2021-03-15,facebook_tier2,social,348934,4212286,734305,28220,865,103,513870,0.0,848.9075144508671,3.065201984408221,0.699804577117138,0.6699450132303457
465,2021-03-15,google_hot,search,89459845,307090,84806,6599,125,18,141227,0.6652949083791241,678.448,1.8942263979390817,1.6652949083791242,2.1488814354098147
466,2021-03-15,google_wide,search,127823,3357955,120155,17392,335,32,93301,0.0,358.67164179104475,1.9261729530818765,0.7765053472597895,0.5179342784522127
467,2021-03-15,youtube_blogger,influencer,10934,2576059,153748,31535,617,94,785152,4.106746104014361,249.1863857374392,1.956556207388616,5.106746104014361,1.2241567448571637
468,2021-03-15,instagram_tier1,social,9034945,3644965,137903,18191,393,44,266456,0.932198719389716,350.89821882951657,2.1604089934583035,1.9321987193897159,0.49907200755014114
469,2021-03-15,instagram_tier2,social,983498,7324315,36634,34035,930,11,20739,0.0,39.391397849462365,2.732481269281622,0.566113446525086,0.4646850934182924
470,2021-03-15,facebook_retarg,estioncgial,4387490,61311,14234,2101,29,5,24033,0.6884220879584094,490.82758620689657,1.3802950975725845,1.6884220879584095,3.4267912772585665
471,2021-03-15,facebook_lal,social,544756,1044952,6506,8128,4,1,770,0.0,1626.5,0.049212598425196846,0.11835229019366739,0.7778347713579189
472,2021-03-15,instagram_blogg,eirnfluencer,374754,2008532,83195,21629,123,24,98626,0.1854798966284031,676.3821138211382,0.5686809376300337,1.1854798966284033,1.0768561317419887
473,2021-03-15,banner_partner,media,39889,8957627,547400,29096,1060,171,781298,0.4272890025575447,516.4150943396227,3.6431124553203187,1.4272890025575447,0.3248181689190675
474,2021-03-16,facebook_tier1,social,349043,3891808,391507,19220,381,63,347199,0.0,1027.5774278215224,1.9823100936524456,0.8868270554549471,0.49385786760292383
475,2021-03-16,facebook_tier2,social,348934,6308009,746637,31145,1098,92,489524,0.0,679.9972677595629,3.5254454968694815,0.6556385499245283,0.4937374058914627
476,2021-03-16,google_hot,search,89459845,367801,105560,6979,143,23,186067,0.7626657824933687,738.1818181818181,2.049004155323112,1.7626657824933687,1.897493481529414
477,2021-03-16,google_wide,search,127823,3831255,266939,20075,690,65,191270,0.0,386.86811594202896,3.4371108343711083,0.716530742978733,0.5239797403200779
478,2021-03-16,youtube_blogger,influencer,10934,4251100,229685,37245,746,125,1070605,3.661188148986656,307.8887399463807,2.002953416565982,4.661188148986656,0.8761261791065842
479,2021-03-16,instagram_tier1,social,9034945,4231336,143075,22127,411,33,169054,0.1815760964529093,348.1143552311436,1.857459212726533,1.1815760964529094,0.522931764341097
480,2021-03-16,instagram_tier2,social,983498,15601276,101252,40999,796,24,41803,0.0,127.20100502512562,1.9415107685553306,0.4128609805238415,0.2627926074764654
481,2021-03-16,facebook_retarg,estioncgial,4387490,80685,32589,2339,50,12,62436,0.9158611801528124,651.78,2.1376656690893543,1.9158611801528123,2.898927929602776
482,2021-03-16,facebook_lal,social,544756,1528705,335102,9341,291,38,26700,0.0,1151.553264604811,3.1152981479498982,0.07967723260380422,0.6110400633215696
483,2021-03-16,instagram_blogg,eirnfluencer,374754,3964017,624754,24417,845,165,966109,0.5463830563709876,739.3538461538461,3.4607036081418685,1.5463830563709877,0.6159660768356947
484,2021-03-16,banner_partner,media,39889,54360153,203566,34407,396,65,254730,0.2513386321880864,514.0555555555555,1.150928590112477,1.2513386321880864,0.06329452383991635
485,2021-03-17,facebook_tier1,social,349043,4316024,501179,22339,625,87,429347,0.0,801.8864,2.797797573749944,0.8566739627957277,0.5175828494002814
486,2021-03-17,facebook_tier2,social,348934,7621055,514845,35059,729,76,354256,0.0,706.2345679012345,2.0793519495707233,0.6880828210432266,0.46002817195257084
487,2021-03-17,google_hot,search,89459845,470646,118339,8306,157,31,218093,0.8429511826194238,753.7515923566879,1.8901998555261257,1.8429511826194238,1.7648083697726105
488,2021-03-17,google_wide,search,127823,4139238,173439,20729,450,44,131004,0.0,385.42,2.170871725601814,0.7553318457786311,0.5007926579723128
489,2021-03-17,youtube_blogger,influencer,10934,4053205,360300,40180,710,155,1214420,2.3705800721620878,507.4647887323944,1.7670482827277252,3.3705800721620873,0.9913142809209009
490,2021-03-17,instagram_tier1,social,9034945,4990905,252707,25011,619,71,476848,0.8869599971508506,408.2504038772213,2.4749110391427775,1.8869599971508506,0.5011315583045559
491,2021-03-17,instagram_tier2,social,983498,34164733,155316,45938,998,47,118659,0.0,155.62725450901803,2.172493360616483,0.7639843931082438,0.13446029272349355
492,2021-03-17,facebook_retarg,estioncgial,4387490,86439,32217,2763,56,11,47191,0.4647856721606605,575.3035714285714,2.0267824828085415,1.4647856721606605,3.1964738139034465
493,2021-03-17,facebook_lal,social,544756,1317628,281963,10305,210,32,30748,0.0,1342.6809523809525,2.037845705967977,0.10904976894131499,0.7820872051899322
494,2021-03-17,instagram_blogg,eirnfluencer,374754,2851334,447245,28115,808,118,594772,0.3298572370848193,553.5210396039604,2.8739107238129113,1.3298572370848192,0.9860296969769238
495,2021-03-17,banner_partner,media,39889,16111645,517689,39478,768,137,591872,0.1432964579119896,674.07421875,1.9453873043213943,1.1432964579119895,0.2450277423565378
496,2021-03-18,facebook_tier1,social,349043,5035477,29799,23390,60,6,26439,0.0,496.65,0.25651988029072254,0.8872445384073291,0.46450415720298194
497,2021-03-18,facebook_tier2,social,348934,6014507,469871,41066,1668,60,289423,0.0,281.697242206235,4.061754249257294,0.6159626791183112,0.6827824790959591
498,2021-03-18,google_hot,search,89459845,525817,118512,9223,154,27,221011,0.8648828810584582,769.5584415584416,1.6697386967364198,1.8648828810584581,1.7540322964073052
499,2021-03-18,google_wide,search,127823,10728276,193125,24662,487,45,89921,0.0,396.5605749486653,1.9746979158219122,0.465610355987055,0.2298785005158331
500,2021-03-18,youtube_blogger,influencer,10934,4159390,87402,44230,139,32,247814,1.8353355758449463,628.7913669064748,0.3142663350666968,2.8353355758449466,1.0633770817355428
501,2021-03-18,instagram_tier1,social,9034945,11347360,231115,26739,591,75,441833,0.9117452350561408,391.0575296108291,2.210254684169191,1.9117452350561408,0.23564071290590938
502,2021-03-18,instagram_tier2,social,983498,13581253,56684,52888,1069,17,35345,0.0,53.025257249766135,2.0212524580245046,0.623544562839602,0.3894191500592766
503,2021-03-18,facebook_retarg,estioncgial,4387490,98293,17396,2975,29,6,33165,0.9064727523568636,599.8620689655172,0.9747899159663866,1.9064727523568636,3.0266651745292137
504,2021-03-18,facebook_lal,social,544756,1188647,164102,11685,122,19,17232,0.0,1345.0983606557377,1.0440735986307232,0.10500786096452207,0.9830504767184876
505,2021-03-18,instagram_blogg,eirnfluencer,374754,2470145,493131,30963,1032,137,831969,0.687115594030795,477.8401162790698,3.3330103672124793,1.6871155940307951,1.2534891676399564
506,2021-03-18,banner_partner,media,39889,432580149,335714,41458,864,109,504183,0.5018229802748768,388.5578703703704,2.0840368565777414,1.5018229802748768,0.009583888695733933
507,2021-03-19,facebook_tier1,social,349043,14644253,54583,25291,68,10,42978,0.0,802.6911764705883,0.2688703491360563,0.7873880145832952,0.17270256120267793
508,2021-03-19,facebook_tier2,social,348934,9338336,493931,45367,883,70,371071,0.0,559.3782559456398,1.9463486675336699,0.7512608036345158,0.4858146033725923
509,2021-03-19,google_hot,search,89459845,395687,10248,9953,14,2,15583,0.5205893832943014,732.0,0.14066110720385813,1.5205893832943014,2.515371998574631
510,2021-03-19,google_wide,search,127823,8125761,77991,25951,292,21,70852,0.0,267.0924657534247,1.1251974875727333,0.9084637971047942,0.31936701067136974
511,2021-03-19,youtube_blogger,influencer,10934,3779234,849757,47341,1742,379,2788827,2.2819111816672297,487.80539609644086,3.6796856847130397,3.2819111816672297,1.2526612535767832
512,2021-03-19,instagram_tier1,social,9034945,5952689,306193,30286,1063,94,548107,0.7900703151280402,288.0460959548448,3.509872548372185,1.7900703151280402,0.5087784696966363
513,2021-03-19,instagram_tier2,social,983498,11543232,9509,54760,188,3,3558,0.0,50.57978723404256,0.3433162892622352,0.37417183720685665,0.4743905346440235
514,2021-03-19,facebook_retarg,estioncgial,4387490,114143,3281,3278,7,1,5132,0.5641572691252666,468.7142857142857,0.21354484441732766,1.5641572691252668,2.87183620546157
515,2021-03-19,facebook_lal,social,544756,1363365,454254,12892,256,45,80970,0.0,1774.4296875,1.9857275829972074,0.1782482928053468,0.9456015080334321
516,2021-03-19,instagram_blogg,eirnfluencer,374754,3152395,420159,32376,720,106,543047,0.2924797517130419,583.5541666666667,2.2238695329873983,1.292479751713042,1.027028655990128
517,2021-03-19,banner_partner,media,39889,18117038,483469,45503,892,141,533212,0.1028876722189013,542.0056053811659,1.9603103092103817,1.1028876722189014,0.2511613653401842
518,2021-03-20,facebook_tier1,social,349043,10001702,58077,27884,88,12,61502,0.0589734318232691,659.9659090909091,0.3155931717113757,1.058973431823269,0.27879254950807375
519,2021-03-20,facebook_tier2,social,348934,9263648,536848,48136,1082,81,480781,0.0,496.1626617375231,2.247797905933189,0.8955626173516527,0.5196225072455257
520,2021-03-20,google_hot,search,89459845,560020,190080,10627,347,47,356697,0.8765625,547.7809798270894,3.2652677143126003,1.8765625,1.8976107996142995
521,2021-03-20,google_wide,search,127823,5711809,442910,27660,705,98,248271,0.0,628.2411347517731,2.5488069414316703,0.5605450317220203,0.4842598903429719
522,2021-03-20,youtube_blogger,influencer,10934,5621390,293122,54784,1110,177,1439650,3.911436193803263,264.0738738738739,2.0261390186915884,4.9114361938032625,0.974563230802346
523,2021-03-20,instagram_tier1,social,9034945,7368300,389585,32071,955,141,883125,1.2668352220953063,407.9424083769633,2.977768077078981,2.2668352220953065,0.4352564363557401
524,2021-03-20,instagram_tier2,social,983498,12037536,142565,63612,1277,49,70517,0.0,111.64056382145654,2.0074828648682637,0.49463051941219793,0.5284470177285452
525,2021-03-20,facebook_retarg,estioncgial,4387490,106593,76398,3721,114,24,123424,0.6155396738134506,670.1578947368421,3.0636925557645793,1.6155396738134506,3.490848367153566
526,2021-03-20,facebook_lal,social,544756,1114888,165064,14519,110,17,17018,0.0,1500.581818181818,0.7576279358082513,0.10309940386759076,1.3022832786791139
527,2021-03-20,instagram_blogg,eirnfluencer,374754,5582693,504859,37465,807,132,699016,0.3845766837869583,625.5997521685254,2.1540104097157347,1.3845766837869584,0.6710918905983188
528,2021-03-20,banner_partner,media,39889,26920557,738842,49336,1658,242,1040470,0.4082442524924138,445.6224366706876,3.3606291551808014,1.4082442524924137,0.18326515309471494
529,2021-03-21,facebook_tier1,social,349043,455368,38887,2419,67,7,31340,0.0,580.4029850746268,2.7697395618023974,0.8059248592074472,0.5312187066284851
530,2021-03-21,facebook_tier2,social,348934,624335,49160,3867,134,7,35552,0.0,366.86567164179104,3.4652185156452027,0.7231895850284784,0.6193790192765102
531,2021-03-21,google_hot,search,89459845,47826,9103,900,17,2,15831,0.739097000988685,535.4705882352941,1.8888888888888888,1.739097000988685,1.881821603312006
532,2021-03-21,google_wide,search,127823,494997,18251,2414,50,5,13269,0.0,365.02,2.071251035625518,0.7270286559640567,0.48767972331145437
533,2021-03-21,youtube_blogger,influencer,10934,738396,29320,4580,89,19,153404,4.232060027285129,329.438202247191,1.943231441048035,5.232060027285129,0.62026338170846
534,2021-03-21,instagram_tier1,social,9034945,554522,28631,2644,57,10,57577,1.0110020607034331,502.2982456140351,2.155824508320726,2.0110020607034333,0.47680705183924177
535,2021-03-21,instagram_tier2,social,983498,784635,11969,5331,104,4,7991,0.0,115.08653846153848,1.9508534984055526,0.6676414069680007,0.6794241908658165
536,2021-03-21,facebook_retarg,estioncgial,4387490,10508,1632,292,3,1,3798,1.3272058823529411,544.0,1.0273972602739725,2.327205882352941,2.77883517320137
537,2021-03-21,facebook_lal,social,544756,114759,30568,1183,23,4,3794,0.0,1329.0434782608695,1.944209636517329,0.12411672337084532,1.0308559677236644
538,2021-03-21,instagram_blogg,eirnfluencer,374754,299331,67787,3039,89,17,87012,0.2836089515688849,761.6516853932584,2.9285949325436,1.2836089515688849,1.0152640388065386
539,2021-03-21,banner_partner,media,39889,42091908,25878,4104,67,10,30600,0.1824715974959425,386.23880597014926,1.6325536062378168,1.1824715974959426,0.009750092583115976
540,2021-03-22,facebook_tier1,social,349043,591178,61006,4806,92,12,68738,0.1267416319706258,663.1086956521739,1.9142738243861839,1.1267416319706258,0.8129531207182947
541,2021-03-22,facebook_tier2,social,348934,2625616,111338,7942,161,18,84999,0.0,691.5403726708074,2.02719717955175,0.7634320717095691,0.3024813986508309
542,2021-03-22,google_hot,search,89459845,90429,29922,1880,67,7,60617,1.0258338346367222,446.5970149253731,3.563829787234043,2.025833834636722,2.078979088566721
543,2021-03-22,google_wide,search,127823,994667,12322,4787,41,4,11793,0.0,300.5365853658537,0.8564863171088365,0.9570686576854407,0.4812665947498007
544,2021-03-22,youtube_blogger,influencer,10934,745818,74878,8646,179,41,357062,3.768583562595155,418.3128491620112,2.070321535970391,4.768583562595155,1.1592640563783658
545,2021-03-22,instagram_tier1,social,9034945,4410670,35068,5394,113,9,56046,0.5982091935667845,310.3362831858407,2.094920281794587,1.5982091935667846,0.12229434530354798
546,2021-03-22,instagram_tier2,social,983498,2202467,19889,10301,126,7,14236,0.0,157.84920634920636,1.223182215318901,0.7157725375835889,0.4677028078059739
547,2021-03-22,facebook_retarg,estioncgial,4387490,18076,5587,588,12,3,12619,1.2586361195632718,465.5833333333333,2.0408163265306123,2.258636119563272,3.2529320646160653
548,2021-03-22,facebook_lal,social,544756,234021,51558,2496,50,6,6048,0.0,1031.16,2.003205128205128,0.11730478296287676,1.0665709487610087
549,2021-03-22,instagram_blogg,eirnfluencer,374754,617035,133887,5964,225,36,164231,0.2266388820423192,595.0533333333333,3.7726358148893357,1.2266388820423193,0.9665578127658885
550,2021-03-22,banner_partner,media,39889,100588234,60903,8331,174,20,82524,0.3550071425052953,350.01724137931035,2.0885848037450487,1.3550071425052954,0.008282280808310045
551,2021-03-23,facebook_tier1,social,349043,918447,9560,1201,28,2,9642,0.0085774058577405,341.42857142857144,2.3313905079100747,1.0085774058577406,0.13076421393939988
552,2021-03-23,facebook_tier2,social,348934,570144,24183,1981,47,4,15042,0.0,514.531914893617,2.3725391216557297,0.6220071951370798,0.34745608127069655
553,2021-03-23,google_hot,search,89459845,22678,5604,456,9,2,15378,1.7441113490364026,622.6666666666666,1.9736842105263157,2.7441113490364026,2.0107593262192434
554,2021-03-23,google_wide,search,127823,235293,12844,1217,24,3,8848,0.0,535.1666666666666,1.9720624486442069,0.688881968234195,0.51722745683042
555,2021-03-23,youtube_blogger,influencer,10934,288901,15772,2186,43,8,64152,3.067461323865077,366.7906976744186,1.9670631290027447,4.067461323865078,0.7566605861523498
556,2021-03-23,instagram_tier1,social,9034945,544567,552,1356,1,0,0,0.0,552.0,0.07374631268436578,0.0,0.24900517291719843
557,2021-03-23,instagram_tier2,social,983498,494320,4153,2587,51,2,2823,0.0,81.43137254901961,1.9713954387321222,0.6797495786178666,0.5233452014889141
558,2021-03-23,facebook_retarg,estioncgial,4387490,4902,1205,159,3,1,5269,3.372614107883817,401.6666666666667,1.8867924528301887,4.372614107883817,3.243574051407589
559,2021-03-23,facebook_lal,social,544756,58282,16377,638,13,2,2735,0.0,1259.7692307692307,2.037617554858934,0.16700250351102155,1.0946776020040492
560,2021-03-23,instagram_blogg,eirnfluencer,374754,121647,15387,1491,30,4,18105,0.1766426203938389,512.9,2.0120724346076457,1.176642620393839,1.2256775752792917
561,2021-03-23,banner_partner,media,39889,633900,16016,2094,41,6,23366,0.4589160839160839,390.6341463414634,1.9579751671442218,1.458916083916084,0.3303360151443445
562,2021-03-24,facebook_tier1,social,349043,471877,98570,2417,89,15,82892,0.0,1107.5280898876404,3.6822507240380635,0.840945520949579,0.5122097495745713
563,2021-03-24,facebook_tier2,social,348934,472352,56081,4196,83,9,41732,0.0,675.6746987951807,1.9780743565300285,0.7441379433319663,0.8883205744868234
564,2021-03-24,google_hot,search,89459845,46388,14151,876,17,3,24523,0.7329517348597272,832.4117647058823,1.9406392694063925,1.7329517348597272,1.8884194188152108
565,2021-03-24,google_wide,search,127823,297088,22759,2439,54,5,18705,0.0,421.462962962963,2.214022140221402,0.821872665758601,0.8209688711762172
566,2021-03-24,youtube_blogger,influencer,10934,399357,22946,4701,67,13,116304,4.068595833696505,342.4776119402985,1.425228674750053,5.068595833696505,1.1771422561768041
567,2021-03-24,instagram_tier1,social,9034945,869138,24824,2569,42,7,34942,0.4075894295842733,591.047619047619,1.6348773841961852,1.4075894295842732,0.2955802185613792
568,2021-03-24,instagram_tier2,social,983498,643554,19536,5351,120,6,10097,0.0,162.8,2.242571481965988,0.5168407043407044,0.8314764572980667
569,2021-03-24,facebook_retarg,estioncgial,4387490,9346,2837,283,6,1,4922,0.7349312654212196,472.8333333333333,2.1201413427561837,1.7349312654212197,3.028033383265568
570,2021-03-24,facebook_lal,social,544756,153698,50622,1240,38,6,8084,0.0,1332.157894736842,3.064516129032258,0.15969341393070208,0.8067769261799113
571,2021-03-24,instagram_blogg,eirnfluencer,374754,344983,41897,2973,60,9,45723,0.0913191875313268,698.2833333333333,2.0181634712411705,1.0913191875313268,0.8617815950351178
572,2021-03-24,banner_partner,media,39889,2724945,34881,4138,86,16,66855,0.9166594994409564,405.59302325581393,2.0782986950217497,1.9166594994409565,0.15185627599823118
573,2021-03-25,facebook_tier1,social,349043,95383,11185,489,15,2,9963,0.0,745.6666666666666,3.067484662576687,0.8907465355386679,0.5126699726366334
574,2021-03-25,facebook_tier2,social,348934,156917,12189,814,16,2,12289,0.0082041184674706,761.8125,1.9656019656019657,1.0082041184674706,0.5187455788729073
575,2021-03-25,google_hot,search,89459845,8622,1074,168,1,0,0,0.0,1074.0,0.5952380952380952,0.0,1.9485038274182327
576,2021-03-25,google_wide,search,127823,60788,9603,477,20,2,5896,0.0,480.15,4.1928721174004195,0.6139747995418099,0.7846943475685991
577,2021-03-25,youtube_blogger,influencer,10934,95414,9140,919,21,5,37339,3.0852297592997813,435.2380952380952,2.2850924918389555,4.085229759299781,0.9631710231202968
578,2021-03-25,instagram_tier1,social,9034945,102786,2190,522,6,1,6203,1.8324200913242008,365.0,1.1494252873563218,2.832420091324201,0.5078512637907886
579,2021-03-25,instagram_tier2,social,983498,115861,2027,986,19,1,2049,0.0108534780463739,106.6842105263158,1.9269776876267748,1.010853478046374,0.8510197564322766
580,2021-03-25,facebook_retarg,estioncgial,4387490,2142,1505,66,3,1,4362,1.8983388704318935,501.6666666666667,4.545454545454546,2.8983388704318935,3.081232492997199
581,2021-03-25,facebook_lal,social,544756,23822,5584,252,5,1,992,0.0,1116.8,1.984126984126984,0.17765042979942694,1.0578456888590377
582,2021-03-25,instagram_blogg,eirnfluencer,374754,48741,5966,616,12,2,10353,0.7353335568219913,497.1666666666667,1.948051948051948,1.7353335568219912,1.263823064770932
583,2021-03-25,banner_partner,media,39889,2890016,7839,861,18,3,11662,0.4876897563464727,435.5,2.0905923344947737,1.4876897563464728,0.029792222603611886
584,2021-03-26,facebook_tier1,social,349043,170717,19455,1219,41,4,22824,0.1731688511950655,474.5121951219512,3.3634126333059884,1.1731688511950655,0.714047224353755
585,2021-03-26,facebook_tier2,social,348934,522648,22030,2042,41,4,18729,0.0,537.3170731707318,2.0078354554358473,0.8501588742623695,0.39070272917910337
586,2021-03-26,google_hot,search,89459845,21611,1579,463,2,0,0,0.0,789.5,0.4319654427645789,0.0,2.142427467493406
587,2021-03-26,google_wide,search,127823,249159,4636,1153,11,1,2311,0.0,421.45454545454544,0.9540329575021683,0.4984900776531493,0.46275671358449827
588,2021-03-26,youtube_blogger,influencer,10934,199058,38691,2210,83,16,129067,2.335840376314905,466.1566265060241,3.755656108597285,3.335840376314905,1.1102291794351395
589,2021-03-26,instagram_tier1,social,9034945,178923,12924,1283,28,4,25503,0.97330547818013,461.57142857142856,2.1823850350740455,1.97330547818013,0.7170682360568513
590,2021-03-26,instagram_tier2,social,983498,504082,2288,2493,73,1,1973,0.0,31.34246575342466,2.9281989570798235,0.8623251748251748,0.49456239262659646
591,2021-03-26,facebook_retarg,estioncgial,4387490,4910,1056,142,3,1,4788,3.534090909090909,352.0,2.112676056338028,4.534090909090909,2.8920570264765786
592,2021-03-26,facebook_lal,social,544756,56931,306,580,0,0,0,0.0,0.0,0.0,0.0,1.0187771161581565
593,2021-03-26,instagram_blogg,eirnfluencer,374754,194990,15842,1443,33,5,23960,0.5124352985734124,480.06060606060606,2.2869022869022873,1.5124352985734124,0.7400379506641366
594,2021-03-26,banner_partner,media,39889,20166452,7756,2190,21,3,11978,0.5443527591542032,369.3333333333333,0.9589041095890412,1.5443527591542032,0.010859619728844716
595,2021-03-27,facebook_tier1,social,349043,222451,5091,235,9,1,4354,0.0,565.6666666666666,3.829787234042553,0.8552347279512866,0.10564124234100994
596,2021-03-27,facebook_tier2,social,348934,78106,3970,420,16,0,0,0.0,248.125,3.8095238095238098,0.0,0.5377307761247535
597,2021-03-27,google_hot,search,89459845,4826,1749,82,2,0,0,0.0,874.5,2.4390243902439024,0.0,1.699129714048902
598,2021-03-27,google_wide,search,127823,38456,1473,234,5,0,0,0.0,294.6,2.1367521367521367,0.0,0.6084876222175993
599,2021-03-27,youtube_blogger,influencer,10934,43904,5948,438,15,3,24175,3.06439139206456,396.53333333333336,3.4246575342465753,4.064391392064559,0.997631195335277
600,2021-03-27,instagram_tier1,social,9034945,44057,1838,276,6,1,5983,2.2551686615886832,306.3333333333333,2.1739130434782608,3.2551686615886832,0.6264611752956397
601,2021-03-27,instagram_tier2,social,983498,79707,248,507,3,0,0,0.0,82.66666666666667,0.591715976331361,0.0,0.636079641687681
602,2021-03-27,facebook_retarg,estioncgial,4387490,688,205,20,0,0,0,0.0,0.0,0.0,0.0,2.9069767441860463
603,2021-03-27,facebook_lal,social,544756,13956,3193,118,2,0,0,0.0,1596.5,1.694915254237288,0.0,0.8455144740613356
604,2021-03-27,instagram_blogg,eirnfluencer,374754,23330,3610,286,6,1,4671,0.2939058171745152,601.6666666666666,2.097902097902098,1.2939058171745152,1.2258894127732534
605,2021-03-27,banner_partner,media,39889,187992,2757,419,9,1,3938,0.4283641639463185,306.3333333333333,2.1479713603818613,1.4283641639463185,0.22288182475850038
606,2021-03-28,facebook_tier1,social,349043,97194,6301,473,11,1,4968,0.0,572.8181818181819,2.3255813953488373,0.7884462783685129,0.4866555548696421
607,2021-03-28,facebook_tier2,social,348934,162022,10889,838,17,1,6923,0.0,640.5294117647059,2.028639618138425,0.6357792267425842,0.5172137117181617
608,2021-03-28,google_hot,search,89459845,11743,3651,194,5,1,9029,1.473021090112298,730.2,2.5773195876288657,2.473021090112298,1.6520480286127908
609,2021-03-28,google_wide,search,127823,56306,398,484,1,0,0,0.0,398.0,0.2066115702479339,0.0,0.8595886761623983
610,2021-03-28,youtube_blogger,influencer,10934,124519,10178,911,20,5,37479,2.6823540970721163,508.9,2.1953896816684964,3.6823540970721163,0.7316152555031762
611,2021-03-28,instagram_tier1,social,9034945,62457,4917,533,12,1,6170,0.2548301810046776,409.75,2.25140712945591,1.2548301810046776,0.8533871303456779
612,2021-03-28,instagram_tier2,social,983498,768765,781,1010,4,0,0,0.0,195.25,0.39603960396039606,0.0,0.13137955031771736
613,2021-03-28,facebook_retarg,estioncgial,4387490,1870,215,60,0,0,0,0.0,0.0,0.0,0.0,3.2085561497326207
614,2021-03-28,facebook_lal,social,544756,26947,7126,255,5,1,1501,0.0,1425.2,1.9607843137254901,0.210637103564412,0.9463020002226593
615,2021-03-28,instagram_blogg,eirnfluencer,374754,95898,4869,609,12,1,5117,0.0509344834668309,405.75,1.9704433497536946,1.050934483466831,0.6350497403491209
616,2021-03-28,banner_partner,media,39889,8381812,6877,828,19,2,7282,0.0588919587029227,361.9473684210527,2.2946859903381642,1.0588919587029229,0.009878532231455442
